site,st,ed,dtH,Obs,DEHM_noBD,DEHM_BD
DK0012R,2010-08-12 07:00:00,2010-08-13 07:00:00,24.0,0.767,0.34681328597418076,0.3451706790179516
DK0012R,2010-08-13 07:00:00,2010-08-14 07:00:00,24.0,0.769,0.3834530206258167,0.3827155911187831
DK0012R,2010-08-14 07:00:00,2010-08-15 07:00:00,24.0,0.781,0.3755669208789663,0.3726751377158232
DK0012R,2010-08-15 07:00:00,2010-08-16 07:00:00,24.0,1.317,0.6285381739128534,0.6092320400587209
DK0012R,2010-08-16 07:00:00,2010-08-17 07:00:00,24.0,1.264,0.8475642887667757,0.8290367202800774
DK0012R,2010-08-17 07:00:00,2010-08-18 07:00:00,24.0,0.381,0.331910591300632,0.33097485086433354
DK0012R,2010-08-18 07:00:00,2010-08-19 07:00:00,24.0,0.296,0.1453063221783911,0.14332778424178635
DK0012R,2010-08-19 07:00:00,2010-08-20 07:00:00,24.0,0.559,0.29553802460844586,0.2935871416304035
DK0012R,2010-08-20 07:00:00,2010-08-21 07:00:00,24.0,0.655,0.42608853403347347,0.42301181991981013
DK0012R,2010-08-21 07:00:00,2010-08-22 07:00:00,24.0,0.625,0.457340575204581,0.45458506148371747
DK0012R,2010-08-22 07:00:00,2010-08-23 07:00:00,24.0,0.498,0.2546357867829483,0.2559707073864715
DK0012R,2010-08-23 07:00:00,2010-08-24 07:00:00,24.0,0.326,0.1695080592935266,0.16944107729798963
DK0012R,2010-08-24 07:00:00,2010-08-25 07:00:00,24.0,0.294,0.13878078280668865,0.13848972982968183
DK0012R,2010-08-25 07:00:00,2010-08-26 07:00:00,24.0,0.266,0.09238000275109211,0.0936429013207201
DK0012R,2010-08-26 07:00:00,2010-08-27 07:00:00,24.0,0.233,0.12637488573142383,0.12634825661449403
DK0012R,2010-08-27 07:00:00,2010-08-28 07:00:00,24.0,0.348,0.23153040089985075,0.23023202944506874
DK0012R,2010-08-28 07:00:00,2010-08-29 07:00:00,24.0,0.242,0.14640245650537967,0.1464677389867867
DK0012R,2010-08-29 07:00:00,2010-08-30 07:00:00,24.0,0.223,0.19204152145769884,0.19243317400097218
DK0012R,2010-08-30 07:00:00,2010-08-31 07:00:00,24.0,0.193,0.1370909919593575,0.1324611163135529
DK0012R,2010-08-31 07:00:00,2010-09-01 07:00:00,24.0,0.307,0.20589124037314335,0.20507241225810943
DK0012R,2010-09-01 07:00:00,2010-09-02 07:00:00,24.0,0.317,0.23361200696885712,0.23485036645225432
DK0012R,2010-09-02 07:00:00,2010-09-03 07:00:00,24.0,0.132,0.06592625678126157,0.0647611288135887
DK0012R,2010-09-03 07:00:00,2010-09-04 07:00:00,24.0,0.091,0.09006305077164813,0.08889455420956076
DK0012R,2010-09-04 07:00:00,2010-09-05 07:00:00,24.0,0.062,0.08998359385593437,0.08881643476758279
DK0012R,2010-09-05 07:00:00,2010-09-06 07:00:00,24.0,0.135,0.16253496694823552,0.16163823760688287
DK0012R,2010-09-06 07:00:00,2010-09-07 07:00:00,24.0,0.184,0.14696003656622691,0.1448844751547226
DK0012R,2010-09-07 07:00:00,2010-09-08 07:00:00,24.0,0.558,0.4932597356699803,0.4825690565589858
DK0012R,2010-09-08 07:00:00,2010-09-09 07:00:00,24.0,0.473,0.531627219174018,0.5265948943713782
DK0012R,2010-09-09 07:00:00,2010-09-10 07:00:00,24.0,0.554,0.5544727737562037,0.5471355204512975
DK0012R,2010-09-10 07:00:00,2010-09-11 07:00:00,24.0,0.689,0.38873950120500994,0.3855827200155723
DK0012R,2010-09-11 07:00:00,2010-09-12 07:00:00,24.0,1.291,0.6281788729162161,0.6266516999913042
DK0012R,2010-09-12 07:00:00,2010-09-13 07:00:00,24.0,0.597,0.37775094818892524,0.3747966991939422
DK0012R,2010-09-13 07:00:00,2010-09-14 07:00:00,24.0,0.281,0.3462563662695339,0.34258258492656246
DK0012R,2010-09-14 07:00:00,2010-09-15 07:00:00,24.0,0.274,0.1840660443548173,0.18450356205072005
DK0012R,2010-09-15 07:00:00,2010-09-16 07:00:00,24.0,0.153,0.10437187526792269,0.10426622226964022
DK0012R,2010-09-16 07:00:00,2010-09-17 07:00:00,24.0,0.126,0.07619471368837212,0.07597731648022636
DK0012R,2010-09-18 07:00:00,2010-09-19 07:00:00,24.0,0.219,0.09549442523597725,0.09523454073157082
DK0012R,2010-09-19 07:00:00,2010-09-20 07:00:00,24.0,0.314,0.1983771047493644,0.19881985721047965
DK0012R,2010-09-20 07:00:00,2010-09-21 07:00:00,24.0,0.529,0.21975446441420807,0.21927341947253023
DK0012R,2010-09-21 07:00:00,2010-09-22 07:00:00,24.0,0.212,0.12157294773356155,0.11810483025314207
DK0012R,2010-09-22 07:00:00,2010-09-23 07:00:00,24.0,0.301,0.1882463294628741,0.18625184565779873
DK0012R,2010-09-23 07:00:00,2010-09-24 07:00:00,24.0,1.076,0.6443299267422541,0.6416966157665079
DK0012R,2010-09-24 07:00:00,2010-09-25 07:00:00,24.0,0.974,0.4794436800532396,0.4789574388763718
DK0012R,2010-09-25 07:00:00,2010-09-26 07:00:00,24.0,0.931,0.6337656352363412,0.6078479518933326
DK0012R,2010-09-26 07:00:00,2010-09-27 07:00:00,24.0,2.0,1.7501471587951922,1.6864330727587056
DK0012R,2010-09-27 07:00:00,2010-09-28 07:00:00,24.0,0.715,0.5777501666418011,0.5583751360382087
DK0012R,2010-09-28 07:00:00,2010-09-29 07:00:00,24.0,0.242,0.11182869591237495,0.11125494043214346
DK0012R,2010-09-29 07:00:00,2010-09-30 07:00:00,24.0,0.21,0.16102321939234887,0.15830724138231062
DK0012R,2010-09-30 07:00:00,2010-10-01 07:00:00,24.0,0.497,0.30219349901516224,0.2978125261369011
DK0012R,2010-10-01 07:00:00,2010-10-02 07:00:00,24.0,0.607,0.31182556713289966,0.30756283908558985
DK0012R,2010-10-02 07:00:00,2010-10-03 07:00:00,24.0,1.62,1.0342518792010003,0.9928154511975023
DK0012R,2010-10-03 07:00:00,2010-10-04 07:00:00,24.0,1.322,0.9778162719957534,0.9698693243296544
DK0012R,2010-10-04 07:00:00,2010-10-05 07:00:00,24.0,1.159,1.4421953890844248,1.391392167408619
DK0012R,2010-10-05 07:00:00,2010-10-06 07:00:00,24.0,1.246,1.5046058928856827,1.4531579526268128
DK0012R,2010-10-06 07:00:00,2010-10-07 07:00:00,24.0,0.969,0.7644153880418164,0.7488157392587419
DK0012R,2010-10-07 07:00:00,2010-10-08 07:00:00,24.0,1.664,0.7575979002452327,0.7384822935930146
DK0012R,2010-10-08 07:00:00,2010-10-09 07:00:00,24.0,1.742,0.8201602349660803,0.7969244317555552
DK0012R,2010-10-09 07:00:00,2010-10-10 07:00:00,24.0,1.31,0.7063246070963252,0.6886805223592333
DK0012R,2010-10-10 07:00:00,2010-10-11 07:00:00,24.0,1.383,0.4341299282333398,0.42651356435233195
DK0012R,2010-10-11 07:00:00,2010-10-12 07:00:00,24.0,0.157,0.10382602832007366,0.10434581577075978
DK0012R,2010-10-12 07:00:00,2010-10-13 07:00:00,24.0,0.432,0.17182603038335756,0.17039308764152983
DK0012R,2010-10-13 07:00:00,2010-10-14 07:00:00,24.0,0.491,0.19404693017758237,0.19110322117571524
DK0012R,2010-10-14 07:00:00,2010-10-15 07:00:00,24.0,0.149,0.1572234489825324,0.15443018453585197
DK0012R,2010-10-15 07:00:00,2010-10-16 07:00:00,24.0,0.1,0.1800656050323676,0.18221179396854148
DK0012R,2010-10-16 07:00:00,2010-10-17 07:00:00,24.0,0.086,0.1929202408345095,0.1949339377142112
DK0012R,2010-10-17 07:00:00,2010-10-18 07:00:00,24.0,0.197,0.17741106074188473,0.17923261523666167
DK0012R,2010-10-18 07:00:00,2010-10-19 07:00:00,24.0,1.011,0.29764731543829354,0.2983936528013961
DK0012R,2010-10-19 07:00:00,2010-10-20 07:00:00,24.0,0.251,0.08202807326341147,0.08226748141880216
DK0012R,2010-10-20 07:00:00,2010-10-21 07:00:00,24.0,0.214,0.09912937951372512,0.09983825863759188
DK0012R,2010-10-21 07:00:00,2010-10-22 07:00:00,24.0,0.156,0.11168648146018718,0.11175444459489818
DK0012R,2010-10-22 07:00:00,2010-10-23 07:00:00,24.0,0.354,0.1641044692445609,0.16533939228459826
DK0012R,2010-10-23 07:00:00,2010-10-24 07:00:00,24.0,0.632,0.2910680889377788,0.2920787841904604
DK0012R,2010-10-24 07:00:00,2010-10-25 07:00:00,24.0,0.236,0.13189548102103302,0.1314306339992705
DK0012R,2010-10-25 07:00:00,2010-10-26 07:00:00,24.0,0.148,0.14195968170439052,0.13936578827885746
DK0012R,2010-10-26 07:00:00,2010-10-27 07:00:00,24.0,0.224,0.26808874382458603,0.266094629185209
DK0012R,2010-10-27 07:00:00,2010-10-28 07:00:00,24.0,0.703,0.3097151457176382,0.3090342622643434
DK0012R,2010-10-28 07:00:00,2010-10-29 07:00:00,24.0,0.755,0.22750663309847804,0.22736713574845732
DK0012R,2010-10-29 07:00:00,2010-10-30 07:00:00,24.0,0.886,0.3995876481141969,0.39949195602098847
DK0012R,2010-10-30 07:00:00,2010-10-31 07:00:00,24.0,0.508,0.3644113139844392,0.3648332312737242
DK0012R,2010-10-31 07:00:00,2010-11-01 07:00:00,24.0,0.757,0.3840644315304627,0.3837409275596009
DK0012R,2010-11-01 07:00:00,2010-11-02 07:00:00,24.0,0.949,0.39219087918552314,0.390528930685704
DK0012R,2010-11-02 07:00:00,2010-11-03 07:00:00,24.0,1.034,0.45407543290123725,0.45475489550774606
DK0012R,2010-11-03 07:00:00,2010-11-04 07:00:00,24.0,0.442,0.091110749598338,0.08930617897363598
DK0012R,2010-11-04 07:00:00,2010-11-05 07:00:00,24.0,0.262,0.10618711649331918,0.10444105519868675
DK0012R,2010-11-05 07:00:00,2010-11-06 07:00:00,24.0,0.2,0.09641715895444836,0.09563104492709229
DK0012R,2010-11-06 07:00:00,2010-11-07 07:00:00,24.0,0.173,0.06507455874003733,0.06563535082591898
DK0012R,2010-11-07 07:00:00,2010-11-08 07:00:00,24.0,0.176,0.11900767538075419,0.11837133720416874
DK0012R,2010-11-08 07:00:00,2010-11-09 07:00:00,24.0,0.128,0.07789736046112779,0.07811986212142741
DK0012R,2010-11-09 07:00:00,2010-11-10 07:00:00,24.0,0.14,0.08725928321675437,0.0873729657273918
DK0012R,2010-11-10 07:00:00,2010-11-11 07:00:00,24.0,0.228,0.08808832838063664,0.08854666021902563
DK0012R,2010-11-11 07:00:00,2010-11-12 07:00:00,24.0,0.413,0.1846740556656389,0.18301011519589758
DK0012R,2010-11-12 07:00:00,2010-11-13 07:00:00,24.0,0.391,0.0486883765455648,0.04883482255706486
DK0012R,2010-11-13 07:00:00,2010-11-14 07:00:00,24.0,0.428,0.09601948223758879,0.09579363427248766
DK0012R,2010-11-14 07:00:00,2010-11-15 07:00:00,24.0,0.401,0.15117506002030293,0.1513881554344948
DK0012R,2010-11-15 07:00:00,2010-11-16 07:00:00,24.0,0.263,0.12442005947793677,0.12662372166156577
DK0012R,2010-11-16 07:00:00,2010-11-17 07:00:00,24.0,0.196,0.1700711385031891,0.16936451570233446
DK0012R,2010-11-17 07:00:00,2010-11-18 07:00:00,24.0,0.249,0.18357932185567669,0.1804634948085404
DK0012R,2010-11-18 07:00:00,2010-11-19 07:00:00,24.0,0.245,0.19888794368043614,0.1942943296173766
DK0012R,2010-11-19 07:00:00,2010-11-20 07:00:00,24.0,0.148,0.3812506603914579,0.35013119633692186
DK0012R,2010-11-20 07:00:00,2010-11-21 07:00:00,24.0,0.177,0.4475341532640431,0.42143434672841523
DK0012R,2010-11-29 07:00:00,2010-11-30 07:00:00,24.0,0.365,0.5095261520328616,0.5072038913260771
DK0012R,2010-11-30 07:00:00,2010-12-01 07:00:00,24.0,0.264,0.4621584741769582,0.46192870683914267
DK0012R,2010-12-01 07:00:00,2010-12-02 07:00:00,24.0,0.255,0.2536901285408822,0.25574546380620017
DK0012R,2010-12-02 07:00:00,2010-12-03 07:00:00,24.0,0.243,0.1832752451620064,0.1849028941262203
DK0012R,2010-12-03 07:00:00,2010-12-04 07:00:00,24.0,0.365,0.1825107655196683,0.18420132169280237
DK0012R,2010-12-04 07:00:00,2010-12-05 07:00:00,24.0,1.335,0.45601650155749285,0.4562809008936622
DK0012R,2010-12-05 07:00:00,2010-12-06 07:00:00,24.0,0.43,0.20189339401863335,0.2023538482092989
DK0012R,2010-12-06 07:00:00,2010-12-07 07:00:00,24.0,0.381,0.1331647915593773,0.1337838687791196
DK0012R,2010-12-14 07:00:00,2010-12-15 07:00:00,24.0,0.27,0.24113042009453942,0.24229143632645708
DK0012R,2010-12-20 07:00:00,2010-12-21 07:00:00,24.0,0.591,0.3362777338322355,0.3353704738805652
DK0012R,2010-12-21 07:00:00,2010-12-22 07:00:00,24.0,2.505,0.4133774796150136,0.4141744471042097
DK0012R,2010-12-22 07:00:00,2010-12-23 07:00:00,24.0,0.936,0.38010957055181455,0.3805422048793181
DK0012R,2010-12-23 07:00:00,2010-12-24 07:00:00,24.0,0.815,0.4195179896086278,0.4209319528978828
DK0012R,2010-12-24 07:00:00,2010-12-25 07:00:00,24.0,1.027,0.4515291867991061,0.45478928628211507
DK0012R,2010-12-25 07:00:00,2010-12-26 07:00:00,24.0,0.457,0.2722284531694253,0.27639782166553134
DK0012R,2010-12-26 07:00:00,2010-12-27 07:00:00,24.0,0.361,0.08114178395266773,0.08241858306224326
DK0012R,2010-12-28 07:00:00,2010-12-29 07:00:00,24.0,1.242,0.4613009568506456,0.462455638383346
DK0012R,2010-12-29 07:00:00,2010-12-30 07:00:00,24.0,0.652,0.2747344398924045,0.27600555509773744
DK0012R,2010-12-30 07:00:00,2010-12-31 07:00:00,24.0,1.232,0.44519736917681557,0.445479558325419
DK0012R,2010-12-31 07:00:00,2011-01-01 07:00:00,24.0,0.585,0.17359188925641378,0.17391243580412002
DK0003R,2010-01-01 07:00:00,2010-01-02 07:00:00,24.0,0.697,0.21918996131713095,0.22057345201058606
DK0003R,2010-01-02 07:00:00,2010-01-03 07:00:00,24.0,0.686,0.3205725979050655,0.32339058335964177
DK0003R,2010-01-03 07:00:00,2010-01-04 07:00:00,24.0,0.723,0.26463383714309824,0.2661960331642486
DK0003R,2010-01-04 07:00:00,2010-01-05 07:00:00,24.0,0.166,0.12695768695828835,0.1270377097223884
DK0003R,2010-01-05 07:00:00,2010-01-06 07:00:00,24.0,1.275,0.39524467920429873,0.39562534028772484
DK0003R,2010-01-20 07:00:00,2010-01-21 07:00:00,24.0,1.2,1.106647083446232,1.1080655866442912
DK0003R,2010-01-21 07:00:00,2010-01-22 07:00:00,24.0,0.68,0.6429678580962533,0.6439277320164724
DK0003R,2010-01-22 07:00:00,2010-01-23 07:00:00,24.0,1.59,0.9669715099676219,0.9644960691329469
DK0003R,2010-01-23 07:00:00,2010-01-24 07:00:00,24.0,1.228,0.6853898631812104,0.6834629207627082
DK0003R,2010-01-24 07:00:00,2010-01-25 07:00:00,24.0,0.46,0.5720310664220735,0.573396911506394
DK0003R,2010-01-25 07:00:00,2010-01-26 07:00:00,24.0,0.615,0.6721894629037543,0.6742904494816936
DK0003R,2010-01-26 07:00:00,2010-01-27 07:00:00,24.0,1.794,0.6592452420840834,0.6615363491546732
DK0003R,2010-01-27 07:00:00,2010-01-28 07:00:00,24.0,0.23,0.20967986926742055,0.2095540887988636
DK0003R,2010-01-28 07:00:00,2010-01-29 07:00:00,24.0,0.12,0.04768957402965036,0.04797267344668693
DK0003R,2010-01-29 07:00:00,2010-01-30 07:00:00,24.0,1.366,0.5406728835247255,0.5397822489391325
DK0003R,2010-01-30 07:00:00,2010-01-31 07:00:00,24.0,1.847,0.7699704677732626,0.7681943325040524
DK0003R,2010-01-31 07:00:00,2010-02-01 07:00:00,24.0,1.811,0.2901074495531845,0.29031202884037954
DK0003R,2010-02-01 07:00:00,2010-02-02 07:00:00,24.0,1.562,0.40763628916552247,0.4088068472035788
DK0003R,2010-02-02 07:00:00,2010-02-03 07:00:00,24.0,0.52,0.15329716116561284,0.15332556682291723
DK0003R,2010-02-03 07:00:00,2010-02-04 07:00:00,24.0,0.311,0.28664574617388056,0.2873573264973925
DK0003R,2010-02-04 07:00:00,2010-02-05 07:00:00,24.0,0.822,0.6421005512461626,0.6433104968545281
DK0003R,2010-02-05 07:00:00,2010-02-06 07:00:00,24.0,1.604,1.187894271364432,1.1899943733436278
DK0003R,2010-02-06 07:00:00,2010-02-07 07:00:00,24.0,1.726,0.9509658374643616,0.9511064202732543
DK0003R,2010-02-07 07:00:00,2010-02-08 07:00:00,24.0,1.447,0.7614503041086707,0.7625078902547847
DK0003R,2010-02-08 07:00:00,2010-02-09 07:00:00,24.0,1.121,0.5986062500618202,0.599525651851636
DK0003R,2010-02-09 07:00:00,2010-02-10 07:00:00,24.0,0.922,0.5740177746983658,0.5751204234968023
DK0003R,2010-02-10 07:00:00,2010-02-11 07:00:00,24.0,0.462,0.44508914863468485,0.44863908273845227
DK0003R,2010-02-11 07:00:00,2010-02-12 07:00:00,24.0,0.636,0.801384794362182,0.8040924847354338
DK0003R,2010-02-12 07:00:00,2010-02-13 07:00:00,24.0,0.317,0.11288704784171992,0.11491659796453872
DK0003R,2010-02-13 07:00:00,2010-02-14 07:00:00,24.0,0.403,0.5836535515964263,0.5857145237088459
DK0003R,2010-02-14 07:00:00,2010-02-15 07:00:00,24.0,1.193,0.8869688785493403,0.887051971091747
DK0003R,2010-02-15 07:00:00,2010-02-16 07:00:00,24.0,1.697,0.8239586949033476,0.8241440187866971
DK0003R,2010-02-16 07:00:00,2010-02-17 07:00:00,24.0,2.658,1.2351315380768504,1.2360856083832432
DK0003R,2010-02-17 07:00:00,2010-02-18 07:00:00,24.0,3.779,1.8996071637783007,1.898787207079873
DK0003R,2010-02-18 07:00:00,2010-02-19 07:00:00,24.0,4.521,1.4768247866794633,1.4712551401095115
DK0003R,2010-02-19 07:00:00,2010-02-20 07:00:00,24.0,1.108,0.6938299119350431,0.6953138916855446
DK0003R,2010-02-20 07:00:00,2010-02-21 07:00:00,24.0,0.714,0.2658739948345931,0.26373937898504335
DK0003R,2010-02-22 07:00:00,2010-02-23 07:00:00,24.0,1.338,0.30774852231189614,0.3093105237005172
DK0003R,2010-02-23 07:00:00,2010-02-24 07:00:00,24.0,0.712,0.3671659376337204,0.36779207017782234
DK0003R,2010-02-24 07:00:00,2010-02-25 07:00:00,24.0,0.999,0.5370202957180399,0.5378439549654996
DK0003R,2010-02-25 07:00:00,2010-02-26 07:00:00,24.0,0.74,0.5110744502029232,0.5158031462839644
DK0003R,2010-02-26 07:00:00,2010-02-27 07:00:00,24.0,0.61,0.41982108216486136,0.4227290031243498
DK0003R,2010-02-27 07:00:00,2010-02-28 07:00:00,24.0,0.424,0.27670985714609136,0.27794329416727453
DK0003R,2010-02-28 07:00:00,2010-03-01 07:00:00,24.0,0.594,0.6099660186133011,0.6183720448797447
DK0003R,2010-03-01 07:00:00,2010-03-02 07:00:00,24.0,0.179,0.17637415554438918,0.17799640265054806
DK0003R,2010-03-02 07:00:00,2010-03-03 07:00:00,24.0,0.127,0.22404750832594797,0.22468070515765093
DK0003R,2010-03-03 07:00:00,2010-03-04 07:00:00,24.0,0.32,0.29492732138135386,0.2963152826759375
DK0003R,2010-03-04 07:00:00,2010-03-05 07:00:00,24.0,0.145,0.5590002066968024,0.5605962454874073
DK0003R,2010-03-05 07:00:00,2010-03-06 07:00:00,24.0,0.198,0.481176125581388,0.48423578511908244
DK0003R,2010-03-06 07:00:00,2010-03-07 07:00:00,24.0,0.119,0.37352573954345347,0.37696666317036504
DK0003R,2010-03-07 07:00:00,2010-03-08 07:00:00,24.0,0.043,0.26421699497648804,0.2651159567231999
DK0003R,2010-03-08 07:00:00,2010-03-09 07:00:00,24.0,0.351,0.3550652308290911,0.3575934261258051
DK0003R,2010-03-09 07:00:00,2010-03-10 07:00:00,24.0,0.506,0.42617662873908446,0.4288032436859505
DK0003R,2010-03-10 07:00:00,2010-03-11 07:00:00,24.0,0.843,0.47603294596290696,0.4813984205508572
DK0003R,2010-03-11 07:00:00,2010-03-12 07:00:00,24.0,0.356,0.3663937132920827,0.36548694318177716
DK0003R,2010-03-12 07:00:00,2010-03-13 07:00:00,24.0,0.408,0.18553293410839813,0.18577780488923137
DK0003R,2010-03-13 07:00:00,2010-03-14 07:00:00,24.0,0.086,0.2253496932565547,0.22502290290118418
DK0003R,2010-03-14 07:00:00,2010-03-15 07:00:00,24.0,0.088,0.1333833791648362,0.13500922224307974
DK0003R,2010-03-15 07:00:00,2010-03-16 07:00:00,24.0,0.079,0.14302777264978675,0.14497933639327518
DK0003R,2010-03-16 07:00:00,2010-03-17 07:00:00,24.0,0.232,0.18264228752678316,0.18389169432340535
DK0003R,2010-03-17 07:00:00,2010-03-18 07:00:00,24.0,1.086,0.6071633199136383,0.6069406258315324
DK0003R,2010-03-18 07:00:00,2010-03-19 07:00:00,24.0,0.868,0.6821377575226112,0.6780326898201251
DK0003R,2010-03-19 07:00:00,2010-03-20 07:00:00,24.0,0.575,0.3906872132495957,0.3904141474542285
DK0003R,2010-03-20 07:00:00,2010-03-21 07:00:00,24.0,0.343,0.39662096155863374,0.3964748059048149
DK0003R,2010-03-21 07:00:00,2010-03-22 07:00:00,24.0,0.126,0.0768268461446381,0.07611568750252377
DK0003R,2010-03-22 07:00:00,2010-03-23 07:00:00,24.0,0.804,0.37815268298459226,0.3780816494298819
DK0003R,2010-03-24 07:00:00,2010-03-25 07:00:00,24.0,0.619,0.3484070624039996,0.34535515416645185
DK0003R,2010-03-25 07:00:00,2010-03-26 07:00:00,24.0,1.305,0.9236765146568535,0.9155554561534526
DK0003R,2010-03-26 07:00:00,2010-03-27 07:00:00,24.0,0.575,0.39174999608473837,0.3901735779212017
DK0003R,2010-03-27 07:00:00,2010-03-28 07:00:00,24.0,0.972,0.3281467641650859,0.328110640785423
DK0003R,2010-03-28 07:00:00,2010-03-29 07:00:00,24.0,0.371,0.1639654923940499,0.16434632720318734
DK0003R,2010-03-29 07:00:00,2010-03-30 07:00:00,24.0,0.199,0.10091431436480762,0.09992184809776233
DK0003R,2010-03-31 07:00:00,2010-04-01 07:00:00,24.0,0.695,0.2149778720986227,0.21605735641324775
DK0003R,2010-04-01 07:00:00,2010-04-02 07:00:00,24.0,0.33,0.23433875120304712,0.23694160778230564
DK0003R,2010-04-02 07:00:00,2010-04-03 07:00:00,24.0,0.418,0.3143440954393573,0.31811402155774426
DK0003R,2010-04-08 07:00:00,2010-04-09 07:00:00,24.0,0.504,0.28547720487479605,0.2861532091690317
DK0003R,2010-04-09 07:00:00,2010-04-10 07:00:00,24.0,0.228,0.20217373248041873,0.2045436876704633
DK0003R,2010-04-10 07:00:00,2010-04-11 07:00:00,24.0,0.133,0.29426285107254974,0.294421141174952
DK0003R,2010-04-11 07:00:00,2010-04-12 07:00:00,24.0,0.407,0.5917922869253894,0.5908227905094819
DK0003R,2010-04-12 07:00:00,2010-04-13 07:00:00,24.0,0.394,0.4853775845642736,0.4863374344187001
DK0003R,2010-04-13 07:00:00,2010-04-14 07:00:00,24.0,0.263,0.18696636684061008,0.1886851823784189
DK0003R,2010-04-21 07:00:00,2010-04-22 07:00:00,24.0,0.47,0.198608016401169,0.19964962963271685
DK0003R,2010-04-22 07:00:00,2010-04-23 07:00:00,24.0,0.401,0.11470145173386342,0.11432952741231704
DK0003R,2010-04-23 07:00:00,2010-04-24 07:00:00,24.0,0.418,0.09619551294897073,0.095615474716362
DK0003R,2010-04-24 07:00:00,2010-04-25 07:00:00,24.0,0.397,0.12860961018284042,0.12729992490737654
DK0003R,2010-04-25 07:00:00,2010-04-26 07:00:00,24.0,0.963,0.4253312152818378,0.4240095474195226
DK0003R,2010-04-26 07:00:00,2010-04-27 07:00:00,24.0,1.024,0.5849506505381075,0.5795280614525463
DK0003R,2010-04-27 07:00:00,2010-04-28 07:00:00,24.0,0.447,0.29722098441313544,0.29981724450675323
DK0003R,2010-04-28 07:00:00,2010-04-29 07:00:00,24.0,0.867,0.6583366209838082,0.6518141176665797
DK0003R,2010-04-29 07:00:00,2010-04-30 07:00:00,24.0,0.858,0.44363520554449104,0.4410461143064243
DK0003R,2010-04-30 07:00:00,2010-05-01 07:00:00,24.0,1.138,0.415713895693568,0.4163373919657727
DK0003R,2010-05-01 07:00:00,2010-05-02 07:00:00,24.0,0.497,0.19782680706318265,0.19650678523579487
DK0003R,2010-05-02 07:00:00,2010-05-03 07:00:00,24.0,0.244,0.10493459326048164,0.10380077316005043
DK0003R,2010-05-03 07:00:00,2010-05-04 07:00:00,24.0,0.22,0.1391895758557142,0.13869451816208728
DK0003R,2010-05-04 07:00:00,2010-05-05 07:00:00,24.0,0.169,0.10151171009666364,0.10145478549740128
DK0003R,2010-05-05 07:00:00,2010-05-06 07:00:00,24.0,0.302,0.24950159032674532,0.2492778569572812
DK0003R,2010-05-06 07:00:00,2010-05-07 07:00:00,24.0,0.434,0.2263891487757453,0.22378333413735993
DK0003R,2010-05-07 07:00:00,2010-05-08 07:00:00,24.0,0.402,0.2709681507808667,0.2625232825967091
DK0003R,2010-05-08 07:00:00,2010-05-09 07:00:00,24.0,0.401,0.1560705491189374,0.1553264980638395
DK0003R,2010-05-09 07:00:00,2010-05-10 07:00:00,24.0,0.336,0.2094682234893163,0.21076126001814866
DK0003R,2010-05-10 07:00:00,2010-05-11 07:00:00,24.0,0.133,0.07553688527985912,0.07849309953431204
DK0003R,2010-05-11 07:00:00,2010-05-12 07:00:00,24.0,0.23,0.100595110199935,0.10084421947342648
DK0003R,2010-05-12 07:00:00,2010-05-13 07:00:00,24.0,0.343,0.2880938922907171,0.28645785978930904
DK0003R,2010-05-13 07:00:00,2010-05-14 07:00:00,24.0,0.387,0.2365867986682851,0.23899525741509206
DK0003R,2010-05-14 07:00:00,2010-05-15 07:00:00,24.0,0.337,0.16692128872088582,0.16995068189372997
DK0003R,2010-05-15 07:00:00,2010-05-16 07:00:00,24.0,0.508,0.29240184674429026,0.2884706410973185
DK0003R,2010-05-16 07:00:00,2010-05-17 07:00:00,24.0,0.407,0.19942023255214636,0.19807828044786766
DK0003R,2010-05-17 07:00:00,2010-05-18 07:00:00,24.0,0.391,0.21127722751549963,0.20880361891010238
DK0003R,2010-05-18 07:00:00,2010-05-19 07:00:00,24.0,0.256,0.25212857548386874,0.24708311537203068
DK0003R,2010-05-19 07:00:00,2010-05-20 07:00:00,24.0,0.432,0.29575176724950564,0.2949383454212734
DK0003R,2010-05-20 07:00:00,2010-05-21 07:00:00,24.0,0.885,0.3202804347449271,0.3210399839410847
DK0003R,2010-05-21 07:00:00,2010-05-22 07:00:00,24.0,0.789,0.3465799648489303,0.3384606855770937
DK0003R,2010-05-22 07:00:00,2010-05-23 07:00:00,24.0,0.918,0.42768095750888985,0.4249374185274668
DK0003R,2010-05-23 07:00:00,2010-05-24 07:00:00,24.0,0.327,0.24463980069378508,0.24100449070068772
DK0003R,2010-05-24 07:00:00,2010-05-25 07:00:00,24.0,0.339,0.13681605187230053,0.13431463132809152
DK0003R,2010-05-25 07:00:00,2010-05-26 07:00:00,24.0,0.293,0.10733578682318899,0.11038458903598325
DK0003R,2010-05-26 07:00:00,2010-05-27 07:00:00,24.0,0.37,0.12096404632306884,0.1222724892661506
DK0003R,2010-05-27 07:00:00,2010-05-28 07:00:00,24.0,0.416,0.16997101170824203,0.1701250525315358
DK0003R,2010-05-28 07:00:00,2010-05-29 07:00:00,24.0,0.493,0.27104281955081694,0.26929947197527
DK0003R,2010-05-29 07:00:00,2010-05-30 07:00:00,24.0,0.755,0.4652188167179088,0.4629552442684715
DK0003R,2010-05-30 07:00:00,2010-05-31 07:00:00,24.0,0.526,0.44135986343635286,0.44018111778316743
DK0003R,2010-05-31 07:00:00,2010-06-01 07:00:00,24.0,0.633,0.1969150308444245,0.19528364182864313
DK0003R,2010-06-01 07:00:00,2010-06-02 07:00:00,24.0,0.334,0.21472170385913436,0.21425547370118184
DK0003R,2010-06-02 07:00:00,2010-06-03 07:00:00,24.0,0.518,0.2764019620211742,0.2759143304552872
DK0003R,2010-06-03 07:00:00,2010-06-04 07:00:00,24.0,0.385,0.16128357111392966,0.15669096662136525
DK0003R,2010-06-04 07:00:00,2010-06-05 07:00:00,24.0,0.52,0.18942808845167436,0.18538500910785136
DK0003R,2010-06-05 07:00:00,2010-06-06 07:00:00,24.0,0.689,0.31212424311861814,0.3044640074715561
DK0003R,2010-06-06 07:00:00,2010-06-07 07:00:00,24.0,0.804,0.7685185661996455,0.7616641471313864
DK0003R,2010-06-07 07:00:00,2010-06-08 07:00:00,24.0,1.044,0.5887129389761904,0.5855121640845704
DK0003R,2010-06-08 07:00:00,2010-06-09 07:00:00,24.0,1.005,0.49180508728843497,0.4890914618577409
DK0003R,2010-06-09 07:00:00,2010-06-10 07:00:00,24.0,0.895,0.6511308988019303,0.6512444265071954
DK0003R,2010-06-10 07:00:00,2010-06-11 07:00:00,24.0,0.494,0.5546708805070212,0.554725099678337
DK0003R,2010-06-11 07:00:00,2010-06-12 07:00:00,24.0,0.274,0.28809103080333304,0.28731421080924263
DK0003R,2010-06-12 07:00:00,2010-06-13 07:00:00,24.0,0.264,0.19407824941322216,0.18810598098003084
DK0003R,2010-06-13 07:00:00,2010-06-14 07:00:00,24.0,0.265,0.22860261851237818,0.22721430672429843
DK0003R,2010-06-14 07:00:00,2010-06-15 07:00:00,24.0,0.272,0.31054137239252333,0.307038056267971
DK0003R,2010-06-15 07:00:00,2010-06-16 07:00:00,24.0,0.209,0.14473904317199793,0.14509478503175774
DK0003R,2010-06-16 07:00:00,2010-06-17 07:00:00,24.0,0.412,0.24480529666271236,0.24070633865744617
DK0003R,2010-06-17 07:00:00,2010-06-18 07:00:00,24.0,0.392,0.2763755863169174,0.2732398005715407
DK0003R,2010-06-18 07:00:00,2010-06-19 07:00:00,24.0,0.247,0.07368862697529162,0.0735806039044768
DK0003R,2010-06-19 07:00:00,2010-06-20 07:00:00,24.0,0.126,0.05701540499033309,0.05683911296400168
DK0003R,2010-06-20 07:00:00,2010-06-21 07:00:00,24.0,0.168,0.1333066621411234,0.13339724506714618
DK0003R,2010-06-21 07:00:00,2010-06-22 07:00:00,24.0,0.279,0.2436905474717095,0.24350922735329317
DK0003R,2010-06-22 07:00:00,2010-06-23 07:00:00,24.0,0.489,0.21576715842866911,0.21833817232195427
DK0003R,2010-06-23 07:00:00,2010-06-24 07:00:00,24.0,1.316,0.659081995935444,0.6598795461578923
DK0003R,2010-06-24 07:00:00,2010-06-25 07:00:00,24.0,1.422,0.742384031622645,0.7433810869612971
DK0003R,2010-06-25 07:00:00,2010-06-26 07:00:00,24.0,0.402,0.1599641750083827,0.162797925947711
DK0003R,2010-06-26 07:00:00,2010-06-27 07:00:00,24.0,0.225,0.15065239988875154,0.1489849433606283
DK0003R,2010-06-27 07:00:00,2010-06-28 07:00:00,24.0,0.416,0.22807307973206192,0.22715899475798473
DK0003R,2010-06-28 07:00:00,2010-06-29 07:00:00,24.0,0.72,0.43758186772963165,0.43622705583749743
DK0003R,2010-06-29 07:00:00,2010-06-30 07:00:00,24.0,0.77,0.5915530106512566,0.5939600887081969
DK0003R,2010-07-04 07:00:00,2010-07-05 07:00:00,24.0,0.672,0.3735673225699365,0.3751076778143976
DK0003R,2010-07-05 07:00:00,2010-07-06 07:00:00,24.0,0.618,0.1921841040444795,0.19126720994729987
DK0003R,2010-07-06 07:00:00,2010-07-07 07:00:00,24.0,0.287,0.17069711578588498,0.16808742818019465
DK0003R,2010-07-07 07:00:00,2010-07-08 07:00:00,24.0,0.716,0.5050086618106806,0.5053481455004641
DK0003R,2010-07-08 07:00:00,2010-07-09 07:00:00,24.0,0.614,0.3827609371233504,0.3826946370427913
DK0003R,2010-07-09 07:00:00,2010-07-10 07:00:00,24.0,0.833,0.5423301270741904,0.5404986827894039
DK0003R,2010-07-10 07:00:00,2010-07-11 07:00:00,24.0,1.187,0.7122616263471023,0.7103935962360328
DK0003R,2010-07-11 07:00:00,2010-07-12 07:00:00,24.0,0.651,0.45407262848103874,0.45295013315418275
DK0003R,2010-07-12 07:00:00,2010-07-13 07:00:00,24.0,0.714,0.5213195881805025,0.5171779237047621
DK0003R,2010-07-13 07:00:00,2010-07-14 07:00:00,24.0,0.29,0.2610540289776668,0.25993419186378897
DK0003R,2010-07-14 07:00:00,2010-07-15 07:00:00,24.0,0.796,0.500831528845349,0.4987927552581624
DK0003R,2010-07-15 07:00:00,2010-07-16 07:00:00,24.0,0.652,0.2491448052593348,0.25032065202065956
DK0003R,2010-07-16 07:00:00,2010-07-17 07:00:00,24.0,0.501,0.23239339306675041,0.23282979946065976
DK0003R,2010-07-17 07:00:00,2010-07-18 07:00:00,24.0,0.481,0.3722903287581924,0.3705910871337459
DK0003R,2010-07-18 07:00:00,2010-07-19 07:00:00,24.0,0.375,0.25291064849306905,0.25130748610050396
DK0003R,2010-07-19 07:00:00,2010-07-20 07:00:00,24.0,1.04,0.44682284378487264,0.4425773962355167
DK0003R,2010-07-20 07:00:00,2010-07-21 07:00:00,24.0,1.091,0.4321154078207718,0.43065984783718836
DK0003R,2010-07-21 07:00:00,2010-07-22 07:00:00,24.0,1.602,0.847718077657008,0.8468567948979852
DK0003R,2010-07-22 07:00:00,2010-07-23 07:00:00,24.0,0.447,0.367690217338944,0.36606646322945546
DK0003R,2010-07-23 07:00:00,2010-07-24 07:00:00,24.0,0.256,0.2161306130231203,0.21528690109854498
DK0003R,2010-07-24 07:00:00,2010-07-25 07:00:00,24.0,0.326,0.14574891332284193,0.1448199360490016
DK0003R,2010-07-25 07:00:00,2010-07-26 07:00:00,24.0,0.34,0.18927511480881196,0.187285508983419
DK0003R,2010-07-26 07:00:00,2010-07-27 07:00:00,24.0,0.576,0.2068639650636979,0.20625560537027057
DK0003R,2010-07-27 07:00:00,2010-07-28 07:00:00,24.0,0.492,0.17464587174284438,0.17274391248431376
DK0003R,2010-07-28 07:00:00,2010-07-29 07:00:00,24.0,0.595,0.2818209095011665,0.2781164255196304
DK0003R,2010-07-29 07:00:00,2010-07-30 07:00:00,24.0,0.488,0.19608500433239562,0.19312242749667244
DK0003R,2010-07-30 07:00:00,2010-07-31 07:00:00,24.0,0.608,0.24702895652347148,0.24391297688837424
DK0003R,2010-07-31 07:00:00,2010-08-01 07:00:00,24.0,0.671,0.5853084975084111,0.5846201668861349
DK0003R,2010-08-01 07:00:00,2010-08-02 07:00:00,24.0,0.436,0.4579001460638779,0.4604596076648588
DK0003R,2010-08-02 07:00:00,2010-08-03 07:00:00,24.0,0.511,0.2796861628321666,0.2743758324599846
DK0003R,2010-08-03 07:00:00,2010-08-04 07:00:00,24.0,0.281,0.18852386189744497,0.1863310601409962
DK0003R,2010-08-04 07:00:00,2010-08-05 07:00:00,24.0,0.614,0.49955041988982557,0.49813324204142423
DK0003R,2010-08-05 07:00:00,2010-08-06 07:00:00,24.0,0.459,0.2606875444050419,0.2590926794550598
DK0003R,2010-08-06 07:00:00,2010-08-07 07:00:00,24.0,0.25,0.2116063197244998,0.20660002129068933
DK0003R,2010-08-07 07:00:00,2010-08-08 07:00:00,24.0,0.766,0.2725758715756509,0.27030622313690417
DK0003R,2010-08-08 07:00:00,2010-08-09 07:00:00,24.0,0.525,0.2823502202591666,0.2808186963559747
DK0003R,2010-08-09 07:00:00,2010-08-10 07:00:00,24.0,0.556,0.27593471573078115,0.2736609447654577
DK0003R,2010-08-10 07:00:00,2010-08-11 07:00:00,24.0,0.905,0.5998796738310558,0.5961625076229472
DK0003R,2010-08-11 07:00:00,2010-08-12 07:00:00,24.0,0.542,0.3683594005767623,0.3701047422061678
DK0003R,2010-08-12 07:00:00,2010-08-13 07:00:00,24.0,0.489,0.27386074505327773,0.2734465977783866
DK0003R,2010-08-13 07:00:00,2010-08-14 07:00:00,24.0,0.643,0.48543500986444815,0.4867769534244289
DK0003R,2010-08-14 07:00:00,2010-08-15 07:00:00,24.0,0.648,0.33409498682652855,0.33190684657465874
DK0003R,2010-08-15 07:00:00,2010-08-16 07:00:00,24.0,0.765,0.5993827101242093,0.5817498214172344
DK0003R,2010-08-16 07:00:00,2010-08-17 07:00:00,24.0,0.714,0.6759007519201816,0.6619733578163658
DK0003R,2010-08-17 07:00:00,2010-08-18 07:00:00,24.0,0.344,0.248552645630613,0.24609927700125933
DK0003R,2010-08-18 07:00:00,2010-08-19 07:00:00,24.0,0.161,0.09605442412002912,0.09512080896308632
DK0003R,2010-08-19 07:00:00,2010-08-20 07:00:00,24.0,0.389,0.2929018553664332,0.2909300774910594
DK0003R,2010-08-20 07:00:00,2010-08-21 07:00:00,24.0,0.513,0.3768097755567148,0.37552874836615163
DK0003R,2010-08-21 07:00:00,2010-08-22 07:00:00,24.0,0.262,0.36726596315093407,0.36651840645116845
DK0003R,2010-08-22 07:00:00,2010-08-23 07:00:00,24.0,0.337,0.18193638955558553,0.18414617195848107
DK0003R,2010-08-23 07:00:00,2010-08-24 07:00:00,24.0,0.206,0.12195647804614984,0.12190629453049658
DK0003R,2010-08-24 07:00:00,2010-08-25 07:00:00,24.0,0.136,0.08146115665146164,0.08146738710543294
DK0003R,2010-08-25 07:00:00,2010-08-26 07:00:00,24.0,0.077,0.08730094287477329,0.08837517059940748
DK0003R,2010-08-26 07:00:00,2010-08-27 07:00:00,24.0,0.105,0.12800205748595536,0.12749751790193273
DK0003R,2010-08-27 07:00:00,2010-08-28 07:00:00,24.0,0.203,0.16151691633711965,0.16064587778687486
DK0003R,2010-08-28 07:00:00,2010-08-29 07:00:00,24.0,0.136,0.12166327394821343,0.12231089158710551
DK0003R,2010-08-29 07:00:00,2010-08-30 07:00:00,24.0,0.133,0.15295919813597467,0.15328771462202284
DK0003R,2010-08-30 07:00:00,2010-08-31 07:00:00,24.0,0.163,0.14093217650115306,0.13777151221996228
DK0003R,2010-08-31 07:00:00,2010-09-01 07:00:00,24.0,0.159,0.2057879538878072,0.20609192822725775
DK0003R,2010-09-01 07:00:00,2010-09-02 07:00:00,24.0,0.202,0.2590775818582252,0.2592273216806205
DK0003R,2010-09-03 07:00:00,2010-09-04 07:00:00,24.0,0.199,0.09566930540240957,0.09458338599591852
DK0003R,2010-09-04 07:00:00,2010-09-05 07:00:00,24.0,0.074,0.08318764776142495,0.08149381725814714
DK0003R,2010-09-05 07:00:00,2010-09-06 07:00:00,24.0,0.13,0.0952485025434691,0.09413905498772157
DK0003R,2010-09-06 07:00:00,2010-09-07 07:00:00,24.0,0.198,0.13565841291004266,0.13391607805760558
DK0003R,2010-09-07 07:00:00,2010-09-08 07:00:00,24.0,0.494,0.527650176891364,0.5142901276676791
DK0003R,2010-09-08 07:00:00,2010-09-09 07:00:00,24.0,0.506,0.5181995810445311,0.5074890400925839
DK0003R,2010-09-09 07:00:00,2010-09-10 07:00:00,24.0,0.623,0.579326318771658,0.5713639938820012
DK0003R,2010-09-10 07:00:00,2010-09-11 07:00:00,24.0,0.398,0.46977249547909133,0.46478069124136817
DK0003R,2010-09-11 07:00:00,2010-09-12 07:00:00,24.0,0.766,0.6306040626709529,0.6305345179049215
DK0003R,2010-09-12 07:00:00,2010-09-13 07:00:00,24.0,0.246,0.24626677887135764,0.24513547430255342
DK0003R,2010-09-13 07:00:00,2010-09-14 07:00:00,24.0,0.2,0.26833290280360395,0.26666280040762325
DK0003R,2010-09-14 07:00:00,2010-09-15 07:00:00,24.0,0.16,0.12319279243235448,0.12317338370225127
DK0003R,2010-09-15 07:00:00,2010-09-16 07:00:00,24.0,0.052,0.06883687415851104,0.06892706638071774
DK0003R,2010-09-16 07:00:00,2010-09-17 07:00:00,24.0,0.028,0.057804519169587044,0.05772325153768115
DK0003R,2010-09-17 07:00:00,2010-09-18 07:00:00,24.0,0.021,0.06122528732684921,0.06121833664986545
DK0003R,2010-09-18 07:00:00,2010-09-19 07:00:00,24.0,0.025,0.08543009027996078,0.08530320339668311
DK0003R,2010-09-19 07:00:00,2010-09-20 07:00:00,24.0,0.199,0.16910947105486773,0.1696297091180744
DK0003R,2010-09-20 07:00:00,2010-09-21 07:00:00,24.0,0.188,0.13356120237486843,0.13196584998310623
DK0003R,2010-09-21 07:00:00,2010-09-22 07:00:00,24.0,0.078,0.09854470893077137,0.09599701706201302
DK0003R,2010-09-22 07:00:00,2010-09-23 07:00:00,24.0,0.159,0.22652151333108952,0.22481724462543137
DK0003R,2010-09-23 07:00:00,2010-09-24 07:00:00,24.0,0.648,0.5115636909039817,0.5088793060487532
DK0003R,2010-09-24 07:00:00,2010-09-25 07:00:00,24.0,0.5,0.36876308977722544,0.3677660801745448
DK0003R,2010-09-25 07:00:00,2010-09-26 07:00:00,24.0,0.179,0.5273838597319265,0.5056913391518257
DK0003R,2010-09-26 07:00:00,2010-09-27 07:00:00,24.0,1.023,1.1922379196019979,1.1576936641321962
DK0003R,2010-09-27 07:00:00,2010-09-28 07:00:00,24.0,0.199,0.32640925020540257,0.32348391928722453
DK0003R,2010-09-28 07:00:00,2010-09-29 07:00:00,24.0,0.147,0.09227812941122286,0.09125487663203695
DK0003R,2010-09-29 07:00:00,2010-09-30 07:00:00,24.0,0.179,0.12579024166900415,0.12368337094903654
DK0003R,2010-09-30 07:00:00,2010-10-01 07:00:00,24.0,0.436,0.2843571293922092,0.28067417010343193
DK0003R,2010-10-01 07:00:00,2010-10-02 07:00:00,24.0,0.587,0.3426964488852817,0.3387313736012613
DK0003R,2010-10-02 07:00:00,2010-10-03 07:00:00,24.0,1.829,0.7824163415046571,0.7554076856028513
DK0003R,2010-10-03 07:00:00,2010-10-04 07:00:00,24.0,1.277,0.6563263114219327,0.6510118367102937
DK0003R,2010-10-04 07:00:00,2010-10-05 07:00:00,24.0,0.906,1.3117538382716658,1.2601972684004965
DK0003R,2010-10-05 07:00:00,2010-10-06 07:00:00,24.0,1.59,1.2112003372925897,1.1800738870798113
DK0003R,2010-10-06 07:00:00,2010-10-07 07:00:00,24.0,1.072,0.3761285604866809,0.3759327546078392
DK0003R,2010-10-07 07:00:00,2010-10-08 07:00:00,24.0,0.574,0.41522137006161985,0.41018646541546405
DK0003R,2010-10-08 07:00:00,2010-10-09 07:00:00,24.0,1.904,0.8837139807811277,0.8570398931179272
DK0003R,2010-10-09 07:00:00,2010-10-10 07:00:00,24.0,1.304,0.759451231931104,0.7430734625170766
DK0003R,2010-10-10 07:00:00,2010-10-11 07:00:00,24.0,1.26,0.4529273801551177,0.4420017542222949
DK0003R,2010-10-11 07:00:00,2010-10-12 07:00:00,24.0,0.257,0.08246589487644428,0.08155806270636366
DK0003R,2010-10-12 07:00:00,2010-10-13 07:00:00,24.0,0.371,0.17433663039192085,0.1741338086191121
DK0003R,2010-10-13 07:00:00,2010-10-14 07:00:00,24.0,0.367,0.2386385364490217,0.2321956922135496
DK0003R,2010-10-14 07:00:00,2010-10-15 07:00:00,24.0,0.085,0.14888443289937456,0.14612265498589813
DK0003R,2010-10-15 07:00:00,2010-10-16 07:00:00,24.0,0.104,0.15574510797434504,0.15837607699312542
DK0003R,2010-10-16 07:00:00,2010-10-17 07:00:00,24.0,0.109,0.1525314883791595,0.15560092165650427
DK0003R,2010-10-17 07:00:00,2010-10-18 07:00:00,24.0,0.129,0.1335332739653641,0.1363979783663645
DK0003R,2010-10-18 07:00:00,2010-10-19 07:00:00,24.0,0.242,0.21068567895930568,0.2100045187887538
DK0003R,2010-10-19 07:00:00,2010-10-20 07:00:00,24.0,0.023,0.06042272752567779,0.05925046388004079
DK0003R,2010-10-20 07:00:00,2010-10-21 07:00:00,24.0,0.155,0.10323211642541814,0.10342707043850209
DK0003R,2010-10-21 07:00:00,2010-10-22 07:00:00,24.0,0.034,0.08951996799855615,0.08966013536873944
DK0003R,2010-10-22 07:00:00,2010-10-23 07:00:00,24.0,0.072,0.10772448473400302,0.10906762749330301
DK0003R,2010-10-23 07:00:00,2010-10-24 07:00:00,24.0,0.354,0.20093200059239835,0.20221404478090577
DK0003R,2010-10-24 07:00:00,2010-10-25 07:00:00,24.0,0.087,0.10721852565071355,0.10651991706886167
DK0003R,2010-10-25 07:00:00,2010-10-26 07:00:00,24.0,0.057,0.1474891308173748,0.144130507321341
DK0003R,2010-10-26 07:00:00,2010-10-27 07:00:00,24.0,0.325,0.2531157554518328,0.25327923792504214
DK0003R,2010-10-27 07:00:00,2010-10-28 07:00:00,24.0,0.604,0.23153066729834793,0.23143735799223789
DK0003R,2010-10-28 07:00:00,2010-10-29 07:00:00,24.0,0.26,0.17343346387633898,0.1731119654348479
DK0003R,2010-10-29 07:00:00,2010-10-30 07:00:00,24.0,0.485,0.40893635629796377,0.40935381346043603
DK0003R,2010-10-30 07:00:00,2010-10-31 07:00:00,24.0,0.646,0.2572772890387817,0.2566396715738416
DK0003R,2010-10-31 07:00:00,2010-11-01 07:00:00,24.0,0.722,0.3458727865482621,0.34376050702639044
DK0003R,2010-11-01 07:00:00,2010-11-02 07:00:00,24.0,0.647,0.2952211564894968,0.29540953440780876
DK0003R,2010-11-02 07:00:00,2010-11-03 07:00:00,24.0,0.591,0.2991028094156187,0.30000305346195677
DK0003R,2010-11-03 07:00:00,2010-11-04 07:00:00,24.0,0.067,0.07087395653088409,0.06900691482198888
DK0003R,2010-11-04 07:00:00,2010-11-05 07:00:00,24.0,0.129,0.09438341575738612,0.0925859086780972
DK0003R,2010-11-05 07:00:00,2010-11-06 07:00:00,24.0,0.062,0.07645238360708183,0.07562186665082372
DK0003R,2010-11-06 07:00:00,2010-11-07 07:00:00,24.0,0.082,0.052892091085277676,0.0527648347616805
DK0003R,2010-11-07 07:00:00,2010-11-08 07:00:00,24.0,0.122,0.1211178840718739,0.12118794216405238
DK0003R,2010-11-08 07:00:00,2010-11-09 07:00:00,24.0,0.129,0.08537880493549461,0.08502620386403258
DK0003R,2010-11-09 07:00:00,2010-11-10 07:00:00,24.0,0.253,0.0673999275654225,0.06658420607851355
DK0003R,2010-11-10 07:00:00,2010-11-11 07:00:00,24.0,0.246,0.07301242085513694,0.0733001936269157
DK0003R,2010-11-11 07:00:00,2010-11-12 07:00:00,24.0,0.219,0.15880377038221472,0.15831744883156107
DK0003R,2010-11-12 07:00:00,2010-11-13 07:00:00,24.0,0.051,0.04475694616707219,0.04487709621103694
DK0003R,2010-11-13 07:00:00,2010-11-14 07:00:00,24.0,0.118,0.07031435433529792,0.07036551760657898
DK0003R,2010-11-14 07:00:00,2010-11-15 07:00:00,24.0,0.334,0.11846940925911843,0.11833384249683894
DK0003R,2010-11-15 07:00:00,2010-11-16 07:00:00,24.0,0.092,0.09364194554438077,0.09424104020797579
DK0003R,2010-11-16 07:00:00,2010-11-17 07:00:00,24.0,0.377,0.16257732966408409,0.16274198822206074
DK0003R,2010-11-17 07:00:00,2010-11-18 07:00:00,24.0,0.294,0.15674218916002283,0.15519773828093414
DK0003R,2010-11-18 07:00:00,2010-11-19 07:00:00,24.0,0.345,0.22954998368999716,0.2262223183832235
DK0003R,2010-11-19 07:00:00,2010-11-20 07:00:00,24.0,0.236,0.2238105920570479,0.21391716858396725
DK0003R,2010-11-20 07:00:00,2010-11-21 07:00:00,24.0,0.25,0.3916249867710748,0.35837607327523685
DK0003R,2010-11-21 07:00:00,2010-11-22 07:00:00,24.0,0.212,0.33566494146109926,0.31624311456127563
DK0003R,2010-11-22 07:00:00,2010-11-23 07:00:00,24.0,0.23,0.23452113085927193,0.2281282377324513
DK0003R,2010-11-23 07:00:00,2010-11-24 07:00:00,24.0,0.214,0.185003228318427,0.18276950079392787
DK0003R,2010-11-24 07:00:00,2010-11-25 07:00:00,24.0,0.23,0.11897366998350849,0.1184196126697717
DK0003R,2010-11-25 07:00:00,2010-11-26 07:00:00,24.0,0.546,0.2043039228189939,0.20122260034320805
DK0003R,2010-11-26 07:00:00,2010-11-27 07:00:00,24.0,0.544,0.24840265492192715,0.24760460515587254
DK0003R,2010-11-29 07:00:00,2010-11-30 07:00:00,24.0,0.274,0.46963883762818587,0.4664381518135543
DK0003R,2010-11-30 07:00:00,2010-12-01 07:00:00,24.0,0.351,0.4593589584342512,0.458361782136495
DK0003R,2010-12-01 07:00:00,2010-12-02 07:00:00,24.0,0.403,0.2498349559613734,0.2505149457195046
DK0003R,2010-12-02 07:00:00,2010-12-03 07:00:00,24.0,0.539,0.144759749196187,0.1466836692624243
DK0003R,2010-12-03 07:00:00,2010-12-04 07:00:00,24.0,1.165,0.14268251214808067,0.14436257517586923
DK0003R,2010-12-04 07:00:00,2010-12-05 07:00:00,24.0,0.679,0.36623673862333755,0.3667847539575923
DK0003R,2010-12-05 07:00:00,2010-12-06 07:00:00,24.0,0.104,0.20000554288561942,0.20084950527748235
DK0003R,2010-12-06 07:00:00,2010-12-07 07:00:00,24.0,0.132,0.07600912087802557,0.07689776719007944
DK0003R,2010-12-07 07:00:00,2010-12-08 07:00:00,24.0,0.1,0.10723124748429208,0.10761992241717129
DK0003R,2010-12-08 07:00:00,2010-12-09 07:00:00,24.0,0.531,0.19060790132624447,0.1918789419402204
DK0003R,2010-12-09 07:00:00,2010-12-10 07:00:00,24.0,0.13,0.14258440704782627,0.14340334387600825
DK0003R,2010-12-10 07:00:00,2010-12-11 07:00:00,24.0,0.06,0.09373091090582264,0.09378688251627638
DK0003R,2010-12-11 07:00:00,2010-12-12 07:00:00,24.0,0.127,0.08193287294133238,0.08239323464888938
DK0003R,2010-12-12 07:00:00,2010-12-13 07:00:00,24.0,0.208,0.11323161380836445,0.11472749027209535
DK0003R,2010-12-13 07:00:00,2010-12-14 07:00:00,24.0,0.337,0.159968634794322,0.16114568998055465
DK0003R,2010-12-14 07:00:00,2010-12-15 07:00:00,24.0,0.283,0.15056111535037622,0.1512784244379172
DK0003R,2010-12-22 07:00:00,2010-12-23 07:00:00,24.0,1.554,0.3744319270327751,0.37491877159952086
DK0003R,2010-12-23 07:00:00,2010-12-24 07:00:00,24.0,1.14,0.3956373129781818,0.3974877725153372
DK0003R,2010-12-24 07:00:00,2010-12-25 07:00:00,24.0,1.011,0.3900129242773465,0.39372700519470377
DK0003R,2010-12-25 07:00:00,2010-12-26 07:00:00,24.0,0.865,0.22797453667601056,0.23251477182101024
DK0003R,2010-12-26 07:00:00,2010-12-27 07:00:00,24.0,0.446,0.07740453946491345,0.07880484586779295
DK0003R,2010-12-27 07:00:00,2010-12-28 07:00:00,24.0,0.433,0.11091173356194649,0.11130856122172357
DK0003R,2010-12-28 07:00:00,2010-12-29 07:00:00,24.0,1.078,0.4632101898479967,0.4643294910439149
DK0003R,2010-12-29 07:00:00,2010-12-30 07:00:00,24.0,1.291,0.6486739241034528,0.6493412490351494
DK0003R,2010-12-30 07:00:00,2010-12-31 07:00:00,24.0,1.178,0.35308351331649973,0.35330220546792707
DK0003R,2010-12-31 07:00:00,2011-01-01 07:00:00,24.0,0.158,0.11203806560223661,0.11217525763798011
DK0031R,2010-01-01 07:00:00,2010-01-02 07:00:00,24.0,0.653,0.214854516479326,0.21637776120415128
DK0031R,2010-01-02 07:00:00,2010-01-03 07:00:00,24.0,0.729,0.31922012095543906,0.32134939432391735
DK0031R,2010-01-03 07:00:00,2010-01-04 07:00:00,24.0,0.544,0.2585232488449362,0.2604922023807729
DK0031R,2010-01-04 07:00:00,2010-01-05 07:00:00,24.0,0.079,0.10389224860061434,0.10439681328665133
DK0031R,2010-01-05 07:00:00,2010-01-06 07:00:00,24.0,0.513,0.2530612664839899,0.2527105169030218
DK0031R,2010-01-06 07:00:00,2010-01-07 07:00:00,24.0,0.723,0.5020247740505094,0.5013751780699195
DK0031R,2010-01-07 07:00:00,2010-01-08 07:00:00,24.0,0.837,0.49475544211250533,0.4948497311634687
DK0031R,2010-01-08 07:00:00,2010-01-09 07:00:00,24.0,0.63,0.3216832435541254,0.3238155302272709
DK0031R,2010-01-09 07:00:00,2010-01-10 07:00:00,24.0,0.315,0.1977101604166374,0.19952413896218077
DK0031R,2010-01-10 07:00:00,2010-01-11 07:00:00,24.0,0.352,0.15942195226777997,0.1613946393245541
DK0031R,2010-01-15 07:00:00,2010-01-16 07:00:00,24.0,3.513,1.4953228712671358,1.4809524202648234
DK0031R,2010-01-16 07:00:00,2010-01-17 07:00:00,24.0,3.544,1.574866154387854,1.5651105400187546
DK0031R,2010-01-17 07:00:00,2010-01-18 07:00:00,24.0,4.237,1.5368777170448489,1.527871075338332
DK0031R,2010-01-18 07:00:00,2010-01-19 07:00:00,24.0,2.807,2.0433609125471905,2.0188658086439664
DK0031R,2010-01-19 07:00:00,2010-01-20 07:00:00,24.0,1.604,1.120803607320569,1.114183882604328
DK0031R,2010-01-20 07:00:00,2010-01-21 07:00:00,24.0,1.436,1.2225183367298056,1.22124194979779
DK0031R,2010-01-21 07:00:00,2010-01-22 07:00:00,24.0,1.028,0.6613904331921902,0.662410868000126
DK0031R,2010-01-22 07:00:00,2010-01-23 07:00:00,24.0,1.808,0.8958908207340764,0.8976152381236849
DK0031R,2010-01-23 07:00:00,2010-01-24 07:00:00,24.0,1.479,0.7431549345284466,0.7425805886614483
DK0031R,2010-01-24 07:00:00,2010-01-25 07:00:00,24.0,0.461,0.5837485225763107,0.5847441654764808
DK0031R,2010-01-25 07:00:00,2010-01-26 07:00:00,24.0,0.518,0.8156494358360645,0.8181301876241878
DK0031R,2010-01-26 07:00:00,2010-01-27 07:00:00,24.0,0.608,0.7712142734545614,0.7720189373375165
DK0031R,2010-01-27 07:00:00,2010-01-28 07:00:00,24.0,0.151,0.19109616209894276,0.19121830158093936
DK0031R,2010-01-29 07:00:00,2010-01-30 07:00:00,24.0,1.351,0.5123504445432686,0.5118020736773059
DK0031R,2010-01-30 07:00:00,2010-01-31 07:00:00,24.0,1.722,0.6484508946073778,0.6470819853476101
DK0031R,2010-01-31 07:00:00,2010-02-01 07:00:00,24.0,0.974,0.355332802541767,0.35590777882982927
DK0031R,2010-02-05 07:00:00,2010-02-06 07:00:00,24.0,1.481,1.1733071050870143,1.1761675997805807
DK0031R,2010-02-06 07:00:00,2010-02-07 07:00:00,24.0,1.849,1.2341535828008914,1.2336592951246728
DK0031R,2010-02-07 07:00:00,2010-02-08 07:00:00,24.0,1.57,0.7583348364771645,0.759626429266496
DK0031R,2010-02-08 07:00:00,2010-02-09 07:00:00,24.0,1.209,0.6752735919971236,0.6757094790118137
DK0031R,2010-02-09 07:00:00,2010-02-10 07:00:00,24.0,1.117,0.7854269844034304,0.7851803748060826
DK0031R,2010-02-10 07:00:00,2010-02-11 07:00:00,24.0,0.535,0.34291596157261456,0.3463317799368457
DK0031R,2010-02-11 07:00:00,2010-02-12 07:00:00,24.0,0.638,0.6131991608895025,0.6160152322220481
DK0031R,2010-02-15 07:00:00,2010-02-16 07:00:00,24.0,1.51,0.7360694312883095,0.7362955768560955
DK0031R,2010-02-17 07:00:00,2010-02-18 07:00:00,24.0,4.245,1.929593009384849,1.9270890433769055
DK0031R,2010-02-18 07:00:00,2010-02-19 07:00:00,24.0,4.36,1.396752908745417,1.3917588747673808
DK0031R,2010-02-20 07:00:00,2010-02-21 07:00:00,24.0,0.728,0.2372700806312796,0.2357871033033634
DK0031R,2010-02-21 07:00:00,2010-02-22 07:00:00,24.0,0.691,0.3554478442144557,0.35487375062459486
DK0031R,2010-02-22 07:00:00,2010-02-23 07:00:00,24.0,1.407,0.24952927412983014,0.2509143260327811
DK0031R,2010-02-23 07:00:00,2010-02-24 07:00:00,24.0,0.818,0.33115698351006756,0.3317773111202624
DK0031R,2010-02-24 07:00:00,2010-02-25 07:00:00,24.0,0.936,0.5425070168126722,0.543373320113164
DK0031R,2010-02-25 07:00:00,2010-02-26 07:00:00,24.0,0.693,0.4858878852016888,0.4899333665321348
DK0031R,2010-02-26 07:00:00,2010-02-27 07:00:00,24.0,0.45,0.4003299373085019,0.40383285961322657
DK0031R,2010-02-27 07:00:00,2010-02-28 07:00:00,24.0,0.362,0.2462675004320284,0.24734031572896764
DK0031R,2010-02-28 07:00:00,2010-03-01 07:00:00,24.0,0.608,0.5002232506988574,0.5077112220114012
DK0031R,2010-03-01 07:00:00,2010-03-02 07:00:00,24.0,0.153,0.15902202771945417,0.16049306389924714
DK0031R,2010-03-02 07:00:00,2010-03-03 07:00:00,24.0,0.109,0.22561916870350596,0.22896743456764712
DK0031R,2010-03-03 07:00:00,2010-03-04 07:00:00,24.0,0.105,0.33774251144251943,0.33890376123592764
DK0031R,2010-03-04 07:00:00,2010-03-05 07:00:00,24.0,0.132,0.45294129572287556,0.45086474047174147
DK0031R,2010-03-05 07:00:00,2010-03-06 07:00:00,24.0,0.184,0.45114023696669686,0.4539450177405966
DK0031R,2010-03-06 07:00:00,2010-03-07 07:00:00,24.0,0.194,0.3714340068526156,0.3761352774580253
DK0031R,2010-03-07 07:00:00,2010-03-08 07:00:00,24.0,0.257,0.2323505732011938,0.23419087365136593
DK0031R,2010-03-09 07:00:00,2010-03-10 07:00:00,24.0,0.572,0.430323244423313,0.433613146118815
DK0031R,2010-03-10 07:00:00,2010-03-11 07:00:00,24.0,0.789,0.47126277375779796,0.47505055078828223
DK0031R,2010-03-11 07:00:00,2010-03-12 07:00:00,24.0,0.32,0.3666923466813772,0.3671466888068487
DK0031R,2010-03-12 07:00:00,2010-03-13 07:00:00,24.0,0.303,0.19830419150907216,0.19940367171390205
DK0031R,2010-03-13 07:00:00,2010-03-14 07:00:00,24.0,0.073,0.2281069301821276,0.22790558986436635
DK0031R,2010-03-14 07:00:00,2010-03-15 07:00:00,24.0,0.414,0.15551460124294647,0.15659943049063627
DK0031R,2010-03-15 07:00:00,2010-03-16 07:00:00,24.0,0.313,0.15774952059589778,0.16062330707912095
DK0031R,2010-03-16 07:00:00,2010-03-17 07:00:00,24.0,0.27,0.21148582931113888,0.21198793597236645
DK0031R,2010-03-17 07:00:00,2010-03-18 07:00:00,24.0,0.718,0.601220895380508,0.6011607640542502
DK0031R,2010-03-18 07:00:00,2010-03-19 07:00:00,24.0,0.931,0.6613592969054586,0.6593109153154674
DK0031R,2010-03-19 07:00:00,2010-03-20 07:00:00,24.0,0.52,0.37985549433055793,0.3799855828651461
DK0031R,2010-03-20 07:00:00,2010-03-21 07:00:00,24.0,0.497,0.3859869187054021,0.385612705889483
DK0031R,2010-03-21 07:00:00,2010-03-22 07:00:00,24.0,0.193,0.10534563634982615,0.10443965694106137
DK0031R,2010-03-22 07:00:00,2010-03-23 07:00:00,24.0,0.718,0.4273948586671182,0.42796169094331243
DK0031R,2010-03-23 07:00:00,2010-03-24 07:00:00,24.0,0.279,0.12836413909683456,0.1286897643002026
DK0031R,2010-03-24 07:00:00,2010-03-25 07:00:00,24.0,0.698,0.4285913977534488,0.42703185437517693
DK0031R,2010-03-25 07:00:00,2010-03-26 07:00:00,24.0,1.195,0.6724796877357152,0.6690500346254415
DK0031R,2010-03-26 07:00:00,2010-03-27 07:00:00,24.0,0.579,0.3356405743225028,0.33361285407235264
DK0031R,2010-03-27 07:00:00,2010-03-28 07:00:00,24.0,0.563,0.3127728605613675,0.31250086498387714
DK0031R,2010-03-28 07:00:00,2010-03-29 07:00:00,24.0,0.273,0.1402427500361375,0.14003479631364854
DK0031R,2010-03-29 07:00:00,2010-03-30 07:00:00,24.0,0.154,0.1276188750106914,0.1269041885225888
DK0031R,2010-03-30 07:00:00,2010-03-31 07:00:00,24.0,0.995,0.4438360743955318,0.43970810981120617
DK0031R,2010-03-31 07:00:00,2010-04-01 07:00:00,24.0,0.677,0.1810420304972178,0.1822985944686291
DK0031R,2010-04-01 07:00:00,2010-04-02 07:00:00,24.0,0.263,0.20958682327301667,0.21145215053519073
DK0031R,2010-04-02 07:00:00,2010-04-03 07:00:00,24.0,0.383,0.27855684426496996,0.28188747260360386
DK0031R,2010-04-03 07:00:00,2010-04-04 07:00:00,24.0,0.607,0.4417078798510643,0.44236217789261306
DK0031R,2010-04-04 07:00:00,2010-04-05 07:00:00,24.0,1.002,0.25727996490306776,0.25739554903115547
DK0031R,2010-04-05 07:00:00,2010-04-06 07:00:00,24.0,0.689,0.5270770909617266,0.5269172849745605
DK0031R,2010-04-06 07:00:00,2010-04-07 07:00:00,24.0,0.668,0.5489088447876541,0.5481723815775464
DK0031R,2010-04-07 07:00:00,2010-04-08 07:00:00,24.0,0.992,0.6290834659310791,0.6215913598908475
DK0031R,2010-04-08 07:00:00,2010-04-09 07:00:00,24.0,0.544,0.2261375774074216,0.22782863695263997
DK0031R,2010-04-09 07:00:00,2010-04-10 07:00:00,24.0,0.36,0.1969741987863696,0.19917145158304475
DK0031R,2010-04-10 07:00:00,2010-04-11 07:00:00,24.0,0.133,0.23385446453178083,0.23415258920120685
DK0031R,2010-04-11 07:00:00,2010-04-12 07:00:00,24.0,0.323,0.5510153243602856,0.5517711022098448
DK0031R,2010-04-12 07:00:00,2010-04-13 07:00:00,24.0,0.354,0.39673217082233014,0.39888626845329894
DK0031R,2010-04-13 07:00:00,2010-04-14 07:00:00,24.0,0.306,0.1762808437177831,0.17720155156593353
DK0031R,2010-04-14 07:00:00,2010-04-15 07:00:00,24.0,0.25,0.12001103378909235,0.1195178328502325
DK0031R,2010-04-15 07:00:00,2010-04-16 07:00:00,24.0,0.271,0.304674284157256,0.30107476282626955
DK0031R,2010-04-16 07:00:00,2010-04-17 07:00:00,24.0,0.2,0.37633172833948264,0.3739939274323098
DK0031R,2010-04-17 07:00:00,2010-04-18 07:00:00,24.0,0.466,0.34503490416107563,0.3452134543049501
DK0031R,2010-04-18 07:00:00,2010-04-19 07:00:00,24.0,0.129,0.13245516787353562,0.1319414966837292
DK0031R,2010-04-19 07:00:00,2010-04-20 07:00:00,24.0,0.175,0.13755126685867256,0.13954227816001388
DK0031R,2010-04-24 07:00:00,2010-04-25 07:00:00,24.0,0.467,0.1458070577720887,0.1460134394101748
DK0031R,2010-04-25 07:00:00,2010-04-26 07:00:00,24.0,1.15,0.5069619524860134,0.5049221805311939
DK0031R,2010-04-26 07:00:00,2010-04-27 07:00:00,24.0,0.963,0.5377449279102792,0.5337418980945445
DK0031R,2010-04-27 07:00:00,2010-04-28 07:00:00,24.0,0.376,0.3085752395591061,0.3079344691282186
DK0031R,2010-04-29 07:00:00,2010-04-30 07:00:00,24.0,1.257,0.44667357972013894,0.44451117688283226
DK0031R,2010-04-30 07:00:00,2010-05-01 07:00:00,24.0,1.108,0.4407795092515805,0.4414295088959482
DK0031R,2010-05-01 07:00:00,2010-05-02 07:00:00,24.0,0.331,0.19688053377398954,0.1952534665185699
DK0031R,2010-05-02 07:00:00,2010-05-03 07:00:00,24.0,0.202,0.11398927181781465,0.11318981281052454
DK0031R,2010-05-03 07:00:00,2010-05-04 07:00:00,24.0,0.203,0.1405177086802492,0.14058620092291874
DK0031R,2010-05-04 07:00:00,2010-05-05 07:00:00,24.0,0.174,0.09625128813466943,0.09665204530462364
DK0031R,2010-05-05 07:00:00,2010-05-06 07:00:00,24.0,0.285,0.23285955993140198,0.23242008728256958
DK0031R,2010-05-06 07:00:00,2010-05-07 07:00:00,24.0,0.359,0.22449662392173422,0.22273030739713573
DK0031R,2010-05-07 07:00:00,2010-05-08 07:00:00,24.0,0.447,0.2930477174275108,0.2825146017058873
DK0031R,2010-05-08 07:00:00,2010-05-09 07:00:00,24.0,0.381,0.17328915801267905,0.1733871278139543
DK0031R,2010-05-09 07:00:00,2010-05-10 07:00:00,24.0,0.35,0.2428392751519628,0.24374795641498415
DK0031R,2010-05-10 07:00:00,2010-05-11 07:00:00,24.0,0.094,0.07025739710349917,0.07275591707359276
DK0031R,2010-05-11 07:00:00,2010-05-12 07:00:00,24.0,0.163,0.10428134613133067,0.10339194628518973
DK0031R,2010-05-12 07:00:00,2010-05-13 07:00:00,24.0,0.331,0.15440856524854704,0.15365406855439576
DK0031R,2010-05-13 07:00:00,2010-05-14 07:00:00,24.0,0.392,0.16259046297563984,0.16404485725549348
DK0031R,2010-05-14 07:00:00,2010-05-15 07:00:00,24.0,0.378,0.14334521952509754,0.14600670494976356
DK0031R,2010-05-15 07:00:00,2010-05-16 07:00:00,24.0,0.725,0.2975632029634533,0.29904053174243034
DK0031R,2010-05-16 07:00:00,2010-05-17 07:00:00,24.0,0.398,0.22756314950611045,0.2266496624370202
DK0031R,2010-05-17 07:00:00,2010-05-18 07:00:00,24.0,0.305,0.22842113633927016,0.2260138827247138
DK0031R,2010-05-18 07:00:00,2010-05-19 07:00:00,24.0,0.224,0.22580011929991448,0.22083355209945701
DK0031R,2010-05-19 07:00:00,2010-05-20 07:00:00,24.0,0.332,0.28432269644970876,0.28493407444088653
DK0031R,2010-05-20 07:00:00,2010-05-21 07:00:00,24.0,0.918,0.34559532420224626,0.3472217854464094
DK0031R,2010-05-21 07:00:00,2010-05-22 07:00:00,24.0,0.63,0.3085974423000431,0.3062270721614549
DK0031R,2010-05-22 07:00:00,2010-05-23 07:00:00,24.0,0.755,0.4406467073373257,0.4422697265573528
DK0031R,2010-05-23 07:00:00,2010-05-24 07:00:00,24.0,0.369,0.29783679863160256,0.29602933799469544
DK0031R,2010-05-24 07:00:00,2010-05-25 07:00:00,24.0,0.297,0.13377749929899244,0.13413035481632782
DK0031R,2010-05-25 07:00:00,2010-05-26 07:00:00,24.0,0.201,0.08246951128381176,0.08456184905589821
DK0031R,2010-05-26 07:00:00,2010-05-27 07:00:00,24.0,0.27,0.11967832511952943,0.12193724697787989
DK0031R,2010-05-27 07:00:00,2010-05-28 07:00:00,24.0,0.446,0.23568153820875834,0.2365163994225763
DK0031R,2010-05-28 07:00:00,2010-05-29 07:00:00,24.0,0.569,0.3169554987421188,0.3149848815868545
DK0031R,2010-05-29 07:00:00,2010-05-30 07:00:00,24.0,0.676,0.48188279478817214,0.4804291499563653
DK0031R,2010-05-30 07:00:00,2010-05-31 07:00:00,24.0,0.82,0.48038902805403993,0.47948192891003555
DK0031R,2010-05-31 07:00:00,2010-06-01 07:00:00,24.0,0.595,0.28468289550961307,0.2833294187464977
DK0031R,2010-06-01 07:00:00,2010-06-02 07:00:00,24.0,0.422,0.2703560481268055,0.2683695850382111
DK0031R,2010-06-02 07:00:00,2010-06-03 07:00:00,24.0,0.546,0.30702394396727745,0.30705920916804574
DK0031R,2010-06-03 07:00:00,2010-06-04 07:00:00,24.0,0.397,0.17303928259192178,0.17011707983810198
DK0031R,2010-06-04 07:00:00,2010-06-05 07:00:00,24.0,0.432,0.22618429336978807,0.22139053659319763
DK0031R,2010-06-05 07:00:00,2010-06-06 07:00:00,24.0,0.731,0.31471391742307886,0.30645336767120185
DK0031R,2010-06-06 07:00:00,2010-06-07 07:00:00,24.0,0.766,0.629382846851679,0.6225923441516997
DK0031R,2010-06-07 07:00:00,2010-06-08 07:00:00,24.0,0.944,0.48011198829507945,0.47934656087845884
DK0031R,2010-06-08 07:00:00,2010-06-09 07:00:00,24.0,0.89,0.3331686469123414,0.3356270554380947
DK0031R,2010-06-09 07:00:00,2010-06-10 07:00:00,24.0,0.761,0.538385439818005,0.5379683149801286
DK0031R,2010-06-10 07:00:00,2010-06-11 07:00:00,24.0,0.446,0.4241645931627824,0.42390824781104497
DK0031R,2010-06-11 07:00:00,2010-06-12 07:00:00,24.0,0.283,0.2272878273222815,0.22680785261504677
DK0031R,2010-06-12 07:00:00,2010-06-13 07:00:00,24.0,0.249,0.2576232777335362,0.25672254537894457
DK0031R,2010-06-13 07:00:00,2010-06-14 07:00:00,24.0,0.253,0.23812170390977108,0.23757028431823568
DK0031R,2010-06-14 07:00:00,2010-06-15 07:00:00,24.0,0.229,0.2808629646196678,0.2792641361120867
DK0031R,2010-06-15 07:00:00,2010-06-16 07:00:00,24.0,0.211,0.16774914633288898,0.1682694237877148
DK0031R,2010-06-16 07:00:00,2010-06-17 07:00:00,24.0,0.386,0.23438675552482033,0.22977681065284197
DK0031R,2010-06-17 07:00:00,2010-06-18 07:00:00,24.0,0.413,0.27921797299038514,0.2770763162640318
DK0031R,2010-06-18 07:00:00,2010-06-19 07:00:00,24.0,0.172,0.07628318722208342,0.07599302977026022
DK0031R,2010-06-19 07:00:00,2010-06-20 07:00:00,24.0,0.085,0.05668894549819976,0.05569590581894915
DK0031R,2010-06-20 07:00:00,2010-06-21 07:00:00,24.0,0.161,0.18014983592187475,0.18042462417965108
DK0031R,2010-06-21 07:00:00,2010-06-22 07:00:00,24.0,0.269,0.3325125443820879,0.33186865467058557
DK0031R,2010-06-22 07:00:00,2010-06-23 07:00:00,24.0,0.72,0.21410802491325232,0.2167638260461809
DK0031R,2010-06-23 07:00:00,2010-06-24 07:00:00,24.0,1.451,0.9798503829796422,0.9785465312248706
DK0031R,2010-06-24 07:00:00,2010-06-25 07:00:00,24.0,1.267,0.7564484393532677,0.7596280816724793
DK0031R,2010-06-25 07:00:00,2010-06-26 07:00:00,24.0,0.487,0.17951412645158116,0.18254326452108796
DK0031R,2010-06-26 07:00:00,2010-06-27 07:00:00,24.0,0.3,0.17951689234256704,0.17793085029289704
DK0031R,2010-06-27 07:00:00,2010-06-28 07:00:00,24.0,0.514,0.2793352312903362,0.28121592571666404
DK0031R,2010-06-28 07:00:00,2010-06-29 07:00:00,24.0,0.96,0.628068124130848,0.626329747320062
DK0031R,2010-06-29 07:00:00,2010-06-30 07:00:00,24.0,0.971,0.6809350238995951,0.6836056541194081
DK0031R,2010-06-30 07:00:00,2010-07-01 07:00:00,24.0,0.438,0.33409870331641867,0.3324650133460101
DK0031R,2010-07-01 07:00:00,2010-07-02 07:00:00,24.0,0.666,0.3607808466802522,0.3586139070626349
DK0031R,2010-07-02 07:00:00,2010-07-03 07:00:00,24.0,1.495,0.4991990624505817,0.4994106594454452
DK0031R,2010-07-03 07:00:00,2010-07-04 07:00:00,24.0,0.99,0.4194461345661919,0.41999269112584586
DK0031R,2010-07-04 07:00:00,2010-07-05 07:00:00,24.0,0.531,0.3946717251141014,0.39614439340303803
DK0031R,2010-07-05 07:00:00,2010-07-06 07:00:00,24.0,0.576,0.17335927087403258,0.17213247973628842
DK0031R,2010-07-06 07:00:00,2010-07-07 07:00:00,24.0,0.446,0.16326615491098748,0.16259397949352677
DK0031R,2010-07-07 07:00:00,2010-07-08 07:00:00,24.0,0.747,0.5258841902139465,0.5267931479098076
DK0031R,2010-07-08 07:00:00,2010-07-09 07:00:00,24.0,1.046,0.3853270821013041,0.38621185183785167
DK0031R,2010-07-09 07:00:00,2010-07-10 07:00:00,24.0,0.787,0.5551421644668326,0.555066085965839
DK0031R,2010-07-10 07:00:00,2010-07-11 07:00:00,24.0,0.964,0.7264882207406232,0.7260761641464275
DK0031R,2010-07-11 07:00:00,2010-07-12 07:00:00,24.0,0.52,0.44366088244012153,0.4424045981848624
DK0031R,2010-07-12 07:00:00,2010-07-13 07:00:00,24.0,0.61,0.47099865972232874,0.46976778264938784
DK0031R,2010-07-13 07:00:00,2010-07-14 07:00:00,24.0,0.16,0.20913615270122107,0.20706866470591942
DK0031R,2010-07-14 07:00:00,2010-07-15 07:00:00,24.0,0.888,0.4224222079010079,0.42165945008028966
DK0031R,2010-07-15 07:00:00,2010-07-16 07:00:00,24.0,0.511,0.26093354937932284,0.26224149213271614
DK0031R,2010-07-16 07:00:00,2010-07-17 07:00:00,24.0,0.414,0.29824149436545816,0.30062705648651167
DK0031R,2010-07-17 07:00:00,2010-07-18 07:00:00,24.0,0.457,0.3968865158158099,0.39671489180140346
DK0031R,2010-07-18 07:00:00,2010-07-19 07:00:00,24.0,0.47,0.283980258968211,0.2816532968207074
DK0031R,2010-07-19 07:00:00,2010-07-20 07:00:00,24.0,1.289,0.46499102144941684,0.4608943602805507
DK0031R,2010-07-20 07:00:00,2010-07-21 07:00:00,24.0,1.121,0.4674973871393771,0.4654198571792181
DK0031R,2010-07-21 07:00:00,2010-07-22 07:00:00,24.0,1.216,0.6524082004431323,0.6495515366950032
DK0031R,2010-07-22 07:00:00,2010-07-23 07:00:00,24.0,0.378,0.33712679819137215,0.3356119210668121
DK0031R,2010-07-23 07:00:00,2010-07-24 07:00:00,24.0,0.227,0.25590031974964694,0.2547263433513434
DK0031R,2010-07-24 07:00:00,2010-07-25 07:00:00,24.0,0.342,0.1974602110392061,0.19683795152566272
DK0031R,2010-07-25 07:00:00,2010-07-26 07:00:00,24.0,0.73,0.31293272388799126,0.3101560585185314
DK0031R,2010-07-26 07:00:00,2010-07-27 07:00:00,24.0,0.437,0.20100816938953125,0.20028669084828732
DK0031R,2010-07-27 07:00:00,2010-07-28 07:00:00,24.0,0.781,0.25548140189401986,0.2524990466978027
DK0031R,2010-07-28 07:00:00,2010-07-29 07:00:00,24.0,0.288,0.21676503856747006,0.2148685124918863
DK0031R,2010-07-29 07:00:00,2010-07-30 07:00:00,24.0,0.434,0.18159112341007755,0.17775006298624005
DK0031R,2010-07-30 07:00:00,2010-07-31 07:00:00,24.0,0.57,0.3010055003508632,0.29612881569464444
DK0031R,2010-07-31 07:00:00,2010-08-01 07:00:00,24.0,0.525,0.5516726934106142,0.550406059844481
DK0031R,2010-08-01 07:00:00,2010-08-02 07:00:00,24.0,0.597,0.5210183842501308,0.5256643227969312
DK0031R,2010-08-02 07:00:00,2010-08-03 07:00:00,24.0,0.564,0.3182172682349482,0.311704982469655
DK0031R,2010-08-03 07:00:00,2010-08-04 07:00:00,24.0,0.324,0.253619530628209,0.2518954305798799
DK0031R,2010-08-04 07:00:00,2010-08-05 07:00:00,24.0,0.614,0.4289697262130912,0.428651035037418
DK0031R,2010-08-05 07:00:00,2010-08-06 07:00:00,24.0,0.452,0.22605243998700078,0.22509058552532965
DK0031R,2010-08-06 07:00:00,2010-08-07 07:00:00,24.0,0.275,0.3265350643825275,0.32614874089665263
DK0031R,2010-08-07 07:00:00,2010-08-08 07:00:00,24.0,0.842,0.5280094031168635,0.5276004252556552
DK0031R,2010-08-08 07:00:00,2010-08-09 07:00:00,24.0,0.554,0.3105017532917445,0.3080233471783583
DK0031R,2010-08-09 07:00:00,2010-08-10 07:00:00,24.0,0.629,0.3139445386279855,0.3115497370882867
DK0031R,2010-08-10 07:00:00,2010-08-11 07:00:00,24.0,0.911,0.4568856290857557,0.4559508434736587
DK0031R,2010-08-11 07:00:00,2010-08-12 07:00:00,24.0,0.723,0.39880851536158507,0.4004070243970381
DK0031R,2010-08-12 07:00:00,2010-08-13 07:00:00,24.0,0.607,0.2676499905724165,0.2677854288174236
DK0031R,2010-08-13 07:00:00,2010-08-14 07:00:00,24.0,0.497,0.40634697285336757,0.4079304115962072
DK0031R,2010-08-14 07:00:00,2010-08-15 07:00:00,24.0,0.494,0.26052174375456555,0.25817578984357503
DK0031R,2010-08-15 07:00:00,2010-08-16 07:00:00,24.0,0.645,0.5362077140062164,0.5209227371421422
DK0031R,2010-08-16 07:00:00,2010-08-17 07:00:00,24.0,0.667,0.5651133988648511,0.5537073745376322
DK0031R,2010-08-17 07:00:00,2010-08-18 07:00:00,24.0,0.272,0.2099990785726653,0.20690131333563763
DK0031R,2010-08-18 07:00:00,2010-08-19 07:00:00,24.0,0.131,0.08251295526504095,0.08126856259411726
DK0031R,2010-08-19 07:00:00,2010-08-20 07:00:00,24.0,0.368,0.36227840220375945,0.3595321897022217
DK0031R,2010-08-20 07:00:00,2010-08-21 07:00:00,24.0,0.485,0.36265704560313156,0.3611253057992971
DK0031R,2010-08-21 07:00:00,2010-08-22 07:00:00,24.0,0.52,0.43482124443163656,0.43595571763620145
DK0031R,2010-08-22 07:00:00,2010-08-23 07:00:00,24.0,0.3,0.18180139914707028,0.18372558811310627
DK0031R,2010-08-23 07:00:00,2010-08-24 07:00:00,24.0,0.178,0.10071578688787848,0.10088593304803249
DK0031R,2010-08-24 07:00:00,2010-08-25 07:00:00,24.0,0.115,0.07943829624535392,0.07946626869607065
DK0031R,2010-08-25 07:00:00,2010-08-26 07:00:00,24.0,0.078,0.09222780310053887,0.09371799629605619
DK0031R,2010-08-26 07:00:00,2010-08-27 07:00:00,24.0,0.098,0.14280443178023958,0.1426664362694572
DK0031R,2010-08-27 07:00:00,2010-08-28 07:00:00,24.0,0.208,0.18539368564288536,0.18305309326086797
DK0031R,2010-08-28 07:00:00,2010-08-29 07:00:00,24.0,0.12,0.13361572109497655,0.13462952525332336
DK0031R,2010-08-29 07:00:00,2010-08-30 07:00:00,24.0,0.138,0.17832551870650404,0.1783885048109343
DK0031R,2010-08-30 07:00:00,2010-08-31 07:00:00,24.0,0.289,0.14255806548971697,0.1393597009891118
DK0031R,2010-08-31 07:00:00,2010-09-01 07:00:00,24.0,0.289,0.22038687794498268,0.22253556653182502
DK0031R,2010-09-01 07:00:00,2010-09-02 07:00:00,24.0,0.394,0.3177840856567361,0.32168547506476664
DK0031R,2010-09-02 07:00:00,2010-09-03 07:00:00,24.0,0.146,0.07466389860477742,0.07389728373959788
DK0031R,2010-09-03 07:00:00,2010-09-04 07:00:00,24.0,0.185,0.11726123178473498,0.11772416403055114
DK0031R,2010-09-04 07:00:00,2010-09-05 07:00:00,24.0,0.089,0.08476124788687335,0.08329234514830271
DK0031R,2010-09-05 07:00:00,2010-09-06 07:00:00,24.0,0.106,0.12130913316890272,0.12017527159948856
DK0031R,2010-09-06 07:00:00,2010-09-07 07:00:00,24.0,0.204,0.16756147347192918,0.16623197623655572
DK0031R,2010-09-07 07:00:00,2010-09-08 07:00:00,24.0,0.448,0.5408148941294414,0.5250984814490433
DK0031R,2010-09-08 07:00:00,2010-09-09 07:00:00,24.0,0.588,0.5806229657400925,0.5629530148749516
DK0031R,2010-09-09 07:00:00,2010-09-10 07:00:00,24.0,0.6,0.6214498875316039,0.6115565265533806
DK0031R,2010-09-10 07:00:00,2010-09-11 07:00:00,24.0,0.644,0.5591012011097899,0.5566542272364381
DK0031R,2010-09-11 07:00:00,2010-09-12 07:00:00,24.0,0.893,0.6749124484671368,0.6737926454134122
DK0031R,2010-09-12 07:00:00,2010-09-13 07:00:00,24.0,0.28,0.28176047459643355,0.27974229539144635
DK0031R,2010-09-13 07:00:00,2010-09-14 07:00:00,24.0,0.177,0.24935311881374864,0.24840272158213716
DK0031R,2010-09-14 07:00:00,2010-09-15 07:00:00,24.0,0.118,0.12176534031156865,0.12144362250558634
DK0031R,2010-09-15 07:00:00,2010-09-16 07:00:00,24.0,0.069,0.06479719628086457,0.06476404247101832
DK0031R,2010-09-16 07:00:00,2010-09-17 07:00:00,24.0,0.017,0.05323657623092424,0.05315239985573982
DK0031R,2010-09-17 07:00:00,2010-09-18 07:00:00,24.0,0.021,0.07882231226014808,0.07962678588441112
DK0031R,2010-09-18 07:00:00,2010-09-19 07:00:00,24.0,0.043,0.10707933556650041,0.10687727080227005
DK0031R,2010-09-19 07:00:00,2010-09-20 07:00:00,24.0,0.187,0.1738684349355477,0.17453535609186507
DK0031R,2010-09-20 07:00:00,2010-09-21 07:00:00,24.0,0.189,0.12705631037531884,0.12586254055958582
DK0031R,2010-09-21 07:00:00,2010-09-22 07:00:00,24.0,0.086,0.09066558744101509,0.08830411838463387
DK0031R,2010-09-22 07:00:00,2010-09-23 07:00:00,24.0,0.324,0.2855373759283975,0.2834717830655075
DK0031R,2010-09-23 07:00:00,2010-09-24 07:00:00,24.0,0.736,0.4012440935907225,0.40015798088312343
DK0031R,2010-09-24 07:00:00,2010-09-25 07:00:00,24.0,0.319,0.23558205137207056,0.2355421892150283
DK0031R,2010-09-25 07:00:00,2010-09-26 07:00:00,24.0,0.148,0.41622437764620573,0.4017341463376414
DK0031R,2010-09-26 07:00:00,2010-09-27 07:00:00,24.0,0.825,1.063288379093905,1.0306564102956575
DK0031R,2010-09-27 07:00:00,2010-09-28 07:00:00,24.0,0.394,0.32897772822984134,0.33281558815059015
DK0031R,2010-09-28 07:00:00,2010-09-29 07:00:00,24.0,0.168,0.09746386964562953,0.09611595154922736
DK0031R,2010-09-29 07:00:00,2010-09-30 07:00:00,24.0,0.202,0.12653178221116293,0.12462882749111381
DK0031R,2010-09-30 07:00:00,2010-10-01 07:00:00,24.0,0.411,0.3189168450678541,0.314637085934058
DK0031R,2010-10-01 07:00:00,2010-10-02 07:00:00,24.0,0.687,0.37511101753467574,0.371176078633233
DK0031R,2010-10-02 07:00:00,2010-10-03 07:00:00,24.0,1.344,0.5851059684101623,0.5765347005982858
DK0031R,2010-10-03 07:00:00,2010-10-04 07:00:00,24.0,1.187,0.4736943387315371,0.47367336352826456
DK0031R,2010-10-04 07:00:00,2010-10-05 07:00:00,24.0,1.762,1.0707888126077576,1.033776069902168
DK0031R,2010-10-05 07:00:00,2010-10-06 07:00:00,24.0,1.907,0.8819121492471268,0.8745504907049538
DK0031R,2010-10-06 07:00:00,2010-10-07 07:00:00,24.0,0.816,0.3305423860326677,0.3325434299732031
DK0031R,2010-10-07 07:00:00,2010-10-08 07:00:00,24.0,0.575,0.3098090152334887,0.3076642308304594
DK0031R,2010-10-09 07:00:00,2010-10-10 07:00:00,24.0,1.257,0.7874971018483127,0.7680726880008102
DK0031R,2010-10-10 07:00:00,2010-10-11 07:00:00,24.0,1.139,0.5338148408450615,0.5200046825216722
DK0031R,2010-10-11 07:00:00,2010-10-12 07:00:00,24.0,0.307,0.13732578579307506,0.13595732166459287
DK0031R,2010-10-12 07:00:00,2010-10-13 07:00:00,24.0,0.314,0.23383204843586847,0.23214851421112517
DK0031R,2010-10-13 07:00:00,2010-10-14 07:00:00,24.0,0.336,0.2724380838127292,0.2642914065463336
DK0031R,2010-10-14 07:00:00,2010-10-15 07:00:00,24.0,0.069,0.13747139785375517,0.1324459981236883
DK0031R,2010-10-15 07:00:00,2010-10-16 07:00:00,24.0,0.088,0.13552123409723682,0.13836455330096278
DK0031R,2010-10-16 07:00:00,2010-10-17 07:00:00,24.0,0.096,0.13439872898380015,0.13703828441564814
DK0031R,2010-10-17 07:00:00,2010-10-18 07:00:00,24.0,0.077,0.15032019447247094,0.15253943049619142
DK0031R,2010-10-18 07:00:00,2010-10-19 07:00:00,24.0,0.259,0.1717215045732217,0.17042471585090446
DK0031R,2010-10-19 07:00:00,2010-10-20 07:00:00,24.0,0.195,0.054882968156988586,0.053713302574462475
DK0031R,2010-10-20 07:00:00,2010-10-21 07:00:00,24.0,0.131,0.11463655829363595,0.11557563776393094
DK0031R,2010-10-21 07:00:00,2010-10-22 07:00:00,24.0,0.188,0.09090448302831611,0.09104727006788582
DK0031R,2010-10-22 07:00:00,2010-10-23 07:00:00,24.0,0.08,0.11153458091485972,0.11253773005373528
DK0031R,2010-10-23 07:00:00,2010-10-24 07:00:00,24.0,0.345,0.17038107375208408,0.171430749293671
DK0031R,2010-10-24 07:00:00,2010-10-25 07:00:00,24.0,0.038,0.12297479100382804,0.12169510574042992
DK0031R,2010-10-25 07:00:00,2010-10-26 07:00:00,24.0,0.048,0.16935381046266376,0.1667848961445574
DK0031R,2010-10-26 07:00:00,2010-10-27 07:00:00,24.0,0.175,0.21828700648259405,0.21885644878159424
DK0031R,2010-10-27 07:00:00,2010-10-28 07:00:00,24.0,0.301,0.2234731653787664,0.2238760136651128
DK0031R,2010-10-28 07:00:00,2010-10-29 07:00:00,24.0,0.2,0.17543364856591062,0.17527813584253463
DK0031R,2010-10-29 07:00:00,2010-10-30 07:00:00,24.0,0.706,0.4139155571817816,0.4143306313319893
DK0031R,2010-10-30 07:00:00,2010-10-31 07:00:00,24.0,0.266,0.23623271549548894,0.23570482997819062
DK0031R,2010-10-31 07:00:00,2010-11-01 07:00:00,24.0,0.897,0.3049420576199479,0.30393899007259734
DK0031R,2010-11-01 07:00:00,2010-11-02 07:00:00,24.0,0.464,0.3198671475742642,0.3200010355679033
DK0031R,2010-11-02 07:00:00,2010-11-03 07:00:00,24.0,0.265,0.23935925519118836,0.23952357200041544
DK0031R,2010-11-03 07:00:00,2010-11-04 07:00:00,24.0,0.069,0.07301116166074885,0.07088485675439478
DK0031R,2010-11-04 07:00:00,2010-11-05 07:00:00,24.0,0.12,0.10128920351774388,0.09947719981324758
DK0031R,2010-11-05 07:00:00,2010-11-06 07:00:00,24.0,0.038,0.07402209429167587,0.0729917471955463
DK0031R,2010-11-06 07:00:00,2010-11-07 07:00:00,24.0,0.054,0.06116702692074468,0.060716333161763836
DK0031R,2010-11-07 07:00:00,2010-11-08 07:00:00,24.0,0.059,0.11204027167931711,0.11152335143461078
DK0031R,2010-11-08 07:00:00,2010-11-09 07:00:00,24.0,0.103,0.08804615898175698,0.08794627653431238
DK0031R,2010-11-09 07:00:00,2010-11-10 07:00:00,24.0,0.126,0.06936738753942863,0.06854816407395016
DK0031R,2010-11-10 07:00:00,2010-11-11 07:00:00,24.0,0.093,0.06635238188472474,0.06668333962288363
DK0031R,2010-11-11 07:00:00,2010-11-12 07:00:00,24.0,0.194,0.1312188872601645,0.1309069928736796
DK0031R,2010-11-12 07:00:00,2010-11-13 07:00:00,24.0,0.05,0.048740580768490804,0.04901042100288871
DK0031R,2010-11-13 07:00:00,2010-11-14 07:00:00,24.0,0.107,0.07061714623330023,0.07069641265501034
DK0031R,2010-11-14 07:00:00,2010-11-15 07:00:00,24.0,0.268,0.11964008740544683,0.11954444566092919
DK0031R,2010-11-15 07:00:00,2010-11-16 07:00:00,24.0,0.047,0.0708910301821483,0.07088475728070333
DK0031R,2010-11-16 07:00:00,2010-11-17 07:00:00,24.0,0.151,0.15517762539315863,0.15556498408004307
DK0031R,2010-11-17 07:00:00,2010-11-18 07:00:00,24.0,0.228,0.15535227297434773,0.15396563585834103
DK0031R,2010-11-18 07:00:00,2010-11-19 07:00:00,24.0,0.326,0.23856934362550475,0.2342786374451582
DK0031R,2010-11-19 07:00:00,2010-11-20 07:00:00,24.0,0.239,0.1834160683075485,0.1784458233804995
DK0031R,2010-11-20 07:00:00,2010-11-21 07:00:00,24.0,0.348,0.3298718456720307,0.29974839782411344
DK0031R,2010-11-21 07:00:00,2010-11-22 07:00:00,24.0,0.315,0.3740034314574572,0.35281066515228526
DK0031R,2010-11-22 07:00:00,2010-11-23 07:00:00,24.0,0.231,0.21809790613699978,0.21382988340910317
DK0031R,2010-11-23 07:00:00,2010-11-24 07:00:00,24.0,0.117,0.19403297760482294,0.19192695165109885
DK0031R,2010-11-24 07:00:00,2010-11-25 07:00:00,24.0,0.17,0.11839080987266082,0.11795380454898054
DK0031R,2010-11-25 07:00:00,2010-11-26 07:00:00,24.0,0.196,0.2225623829679625,0.2202656870796719
DK0031R,2010-11-26 07:00:00,2010-11-27 07:00:00,24.0,0.417,0.27644070031951656,0.2756190804094869
DK0031R,2010-11-27 07:00:00,2010-11-28 07:00:00,24.0,0.461,0.29096603747572675,0.29060501801176636
DK0031R,2010-11-28 07:00:00,2010-11-29 07:00:00,24.0,0.545,0.28354589218368415,0.2812842921550174
DK0031R,2010-11-29 07:00:00,2010-11-30 07:00:00,24.0,0.319,0.4856769791232341,0.4815532304326349
DK0031R,2010-11-30 07:00:00,2010-12-01 07:00:00,24.0,0.271,0.4823864059736828,0.4798801563367852
DK0031R,2010-12-01 07:00:00,2010-12-02 07:00:00,24.0,0.275,0.26392899156047694,0.26442815445251516
DK0031R,2010-12-02 07:00:00,2010-12-03 07:00:00,24.0,0.293,0.15277344517006922,0.15463056518179727
DK0031R,2010-12-03 07:00:00,2010-12-04 07:00:00,24.0,0.277,0.13719190058551958,0.13875175623347122
DK0031R,2010-12-04 07:00:00,2010-12-05 07:00:00,24.0,0.683,0.3416732848338408,0.34234970366305423
DK0031R,2010-12-05 07:00:00,2010-12-06 07:00:00,24.0,0.446,0.15533494500010228,0.1563388448410685
DK0031R,2010-12-06 07:00:00,2010-12-07 07:00:00,24.0,0.062,0.06737408796278133,0.06831540361028648
DK0031R,2010-12-07 07:00:00,2010-12-08 07:00:00,24.0,0.09,0.10501917058768608,0.10554356164315175
DK0031R,2010-12-08 07:00:00,2010-12-09 07:00:00,24.0,0.275,0.17602023722678592,0.17759618342430328
DK0031R,2010-12-09 07:00:00,2010-12-10 07:00:00,24.0,0.089,0.14799046895456988,0.14902966866923187
DK0031R,2010-12-10 07:00:00,2010-12-11 07:00:00,24.0,0.057,0.08853273235590213,0.08836828634873788
DK0031R,2010-12-11 07:00:00,2010-12-12 07:00:00,24.0,0.054,0.08033119064331351,0.08024004863835192
DK0031R,2010-12-12 07:00:00,2010-12-13 07:00:00,24.0,0.087,0.10308318622896473,0.1049101617681663
DK0031R,2010-12-13 07:00:00,2010-12-14 07:00:00,24.0,0.335,0.1545980762853637,0.15572970310408116
DK0031R,2010-12-14 07:00:00,2010-12-15 07:00:00,24.0,0.216,0.13372362554660494,0.13441718881313344
DK0031R,2010-12-15 07:00:00,2010-12-16 07:00:00,24.0,0.125,0.11542434035120346,0.11537702990548508
DK0031R,2010-12-16 07:00:00,2010-12-17 07:00:00,24.0,0.031,0.17778589217232887,0.1780139206746775
DK0031R,2010-12-17 07:00:00,2010-12-18 07:00:00,24.0,0.394,0.1803088319572589,0.18081332585478904
DK0031R,2010-12-18 07:00:00,2010-12-19 07:00:00,24.0,1.538,0.7445735097663208,0.7420563211497319
DK0031R,2010-12-19 07:00:00,2010-12-20 07:00:00,24.0,0.781,0.41278320878260705,0.4136525467245747
DK0031R,2010-12-20 07:00:00,2010-12-21 07:00:00,24.0,1.031,0.2928120999352352,0.2930620631536854
DK0031R,2010-12-21 07:00:00,2010-12-22 07:00:00,24.0,0.973,0.3695753470485597,0.3699916041866696
DK0031R,2010-12-22 07:00:00,2010-12-23 07:00:00,24.0,1.011,0.3731402924147986,0.37389797689615306
DK0031R,2010-12-23 07:00:00,2010-12-24 07:00:00,24.0,1.086,0.38740077238057724,0.38905691949268456
DK0031R,2010-12-24 07:00:00,2010-12-25 07:00:00,24.0,0.891,0.42757241945688734,0.43029281239536427
DK0031R,2010-12-25 07:00:00,2010-12-26 07:00:00,24.0,0.641,0.2622204310651162,0.26581671006554086
DK0031R,2010-12-26 07:00:00,2010-12-27 07:00:00,24.0,0.301,0.08768748586197768,0.08918765032652344
DK0031R,2010-12-27 07:00:00,2010-12-28 07:00:00,24.0,0.325,0.11581490727363929,0.11611480487053837
DK0031R,2010-12-28 07:00:00,2010-12-29 07:00:00,24.0,1.153,0.3639826366562146,0.36468863874654983
DK0031R,2010-12-29 07:00:00,2010-12-30 07:00:00,24.0,1.588,0.6472047894614555,0.6482471313808725
DK0031R,2010-12-30 07:00:00,2010-12-31 07:00:00,24.0,0.866,0.34043701484517586,0.3406153491432497
DK0031R,2010-12-31 07:00:00,2011-01-01 07:00:00,24.0,0.064,0.11868080453284724,0.1186216660565969
